[14:44:36] [main/INFO]: [OptiFine] (Reflector) Field not found: World.tileEntitiesToBeRemoved
[14:44:36] [main/INFO]: [OptiFine] (Reflector) Class not present: net.minecraftforge.eventbus.api.Event$Result
[14:44:36] [main/INFO]: [OptiFine] (Reflector) Method not present: net.minecraftforge.common.extensions.IForgeBlockState.hasTileEntity
[14:44:36] [main/INFO]: [OptiFine] (Reflector) Class not present: net.minecraftforge.common.extensions.IForgeEntity
[14:44:36] [main/INFO]: [OptiFine] (Reflector) Class not present: net.minecraftforge.fml.CrashReportExtender
[14:44:37] [main/INFO]: [OptiFine] (Reflector) Method not present: net.minecraft.tags.ItemTags.createOptional
[14:44:38] [main/INFO]: [OptiFine] (Reflector) Class not present: net.minecraftforge.client.ForgeHooksClient
[14:44:38] [main/ERROR]: Can't find the resource index file: assets\indexes\1.16.json
[14:44:39] [main/INFO]: Environment: authHost='https://authserver.mojang.com', accountsHost='https://api.mojang.com', sessionHost='https://sessionserver.mojang.com', servicesHost='https://api.minecraftservices.com', name='PROD'
[14:44:40] [main/INFO]: Setting user: Player349
[14:44:40] [main/INFO]: [OptiFine] (Reflector) Class not present: net.minecraftforge.client.settings.KeyConflictContext
[14:44:40] [main/INFO]: [OptiFine] (Reflector) Class not present: net.minecraft.launchwrapper.Launch
[14:44:40] [main/INFO]: Backend library: LWJGL version 3.2.2 build 10
[14:44:40] [main/INFO]: [OptiFine] (Reflector) Method not present: net.minecraftforge.fml.loading.progress.EarlyProgressVisualization.handOffWindow
[14:44:40] [main/INFO]: [OptiFine] (Reflector) Class not present: optifine.OptiFineResourceLocator
[14:44:40] [main/ERROR]: Couldn't set icon
java.io.FileNotFoundException: icons/icon_16x16.png
	at net.minecraft.resources.VanillaPack.getResourceStream(VanillaPack.java:117) ~[test/:?]
	at net.minecraft.client.Minecraft.<init>(Minecraft.java:350) [test/:?]
	at net.minecraft.client.main.Main.main(Main.java:165) [test/:?]
	at Start.main(Start.java:8) [test/:?]
[14:44:40] [main/INFO]: [OptiFine] 
[14:44:40] [main/INFO]: [OptiFine] OptiFine_1.16.5_HD_U_G8
[14:44:40] [main/INFO]: [OptiFine] Build: null
[14:44:40] [main/INFO]: [OptiFine] OS: Windows 10 (amd64) version 10.0
[14:44:40] [main/INFO]: [OptiFine] Java: 17.0.18, Amazon.com Inc.
[14:44:40] [main/INFO]: [OptiFine] VM: OpenJDK 64-Bit Server VM (mixed mode, sharing), Amazon.com Inc.
[14:44:40] [main/INFO]: [OptiFine] LWJGL: 3.3.0 Win32 WGL EGL OSMesa VisualC DLL
[14:44:40] [main/INFO]: [OptiFine] OpenGL: AMD Radeon(TM) Graphics, version 4.6.0 Compatibility Profile Context 26.1.1.251211, ATI Technologies Inc.
[14:44:40] [main/INFO]: [OptiFine] OpenGL Version: 4.6.0
[14:44:40] [main/INFO]: [OptiFine] OpenGL Fancy fog: Not available (GL_NV_fog_distance)
[14:44:40] [main/INFO]: [OptiFine] Maximum texture size: 16384x16384
[14:44:40] [VersionCheck/INFO]: [OptiFine] Checking for new version
[14:44:40] [main/INFO]: [Shaders] OpenGL Version: 4.6.0 Compatibility Profile Context 26.1.1.251211
[14:44:40] [main/INFO]: [Shaders] Vendor:  ATI Technologies Inc.
[14:44:40] [main/INFO]: [Shaders] Renderer: AMD Radeon(TM) Graphics
[14:44:40] [main/INFO]: [Shaders] Capabilities:  2.0  2.1  3.0  3.2  4.0 
[14:44:40] [main/INFO]: [Shaders] GL_MAX_DRAW_BUFFERS: 8
[14:44:40] [main/INFO]: [Shaders] GL_MAX_COLOR_ATTACHMENTS_EXT: 8
[14:44:40] [main/INFO]: [Shaders] GL_MAX_TEXTURE_IMAGE_UNITS: 32
[14:44:40] [main/INFO]: [Shaders] Load shaders configuration.
[14:44:40] [main/INFO]: [Shaders] No shaderpack loaded.
[14:44:40] [main/INFO]: [OptiFine] (Reflector) Class not present: net.minecraftforge.fml.common.Loader
[14:44:41] [main/WARN]: [OptiFine] java.lang.ClassNotFoundException: sun.misc.SharedSecrets
[14:44:41] [main/WARN]: [OptiFine] java.lang.ClassNotFoundException: jdk.internal.misc.SharedSecrets
[14:44:41] [main/WARN]: [OptiFine] java.lang.ClassNotFoundException: sun.misc.VM
[14:44:41] [main/WARN]: [OptiFine] java.lang.reflect.InaccessibleObjectException: Unable to make public static long jdk.internal.misc.VM.maxDirectMemory() accessible: module java.base does not "exports jdk.internal.misc" to unnamed module @50d0686
[14:44:41] [main/INFO]: [OptiFine] (Reflector) Class not present: net.minecraftforge.client.ItemModelMesherForge
[14:44:41] [VersionCheck/INFO]: [OptiFine] Version found: G7
[14:44:41] [main/INFO]: [OptiFine] (Reflector) Class not present: net.minecraftforge.client.model.pipeline.ForgeBlockModelRenderer
[14:44:41] [main/WARN]: ERROR : Couldn't load Narrator library : Unable to load library 'SAPIWrapper_x64': Can't obtain InputStream for win32-x86-64/SAPIWrapper_x64.dll
ERROR : Couldn't load Narrator library : Unable to load library 'SAPIWrapper_x86': Can't obtain InputStream for win32-x86-64/SAPIWrapper_x86.dll

[14:44:46] [main/WARN]: Failed to load service CommonCompatibilityManager with ServiceLoader
[14:44:46] [main/INFO]: [voicechat] Compatibility version 18
[14:44:46] [main/INFO]: [voicechat] Loading plugins
[14:44:46] [main/INFO]: [voicechat] Loaded 0 plugin(s)
[14:44:46] [main/INFO]: [voicechat] Initializing plugins
[14:44:46] [main/INFO]: [voicechat] Initialized 0 plugin(s)
[14:44:46] [main/WARN]: Failed to load service ClientCompatibilityManager with ServiceLoader
[14:44:46] [main/INFO]: [voicechat] Loading Opus
[14:44:46] [Via-Mappingloader-0/INFO]: Loading block connection mappings ...
[14:44:46] [Via-Mappingloader-0/INFO]: Using FastUtil Long2ObjectOpenHashMap for block connections
[14:44:46] [main/INFO]: Loaded Platform ViaVersion
[14:44:46] [main/INFO]: Loading translations...
[14:44:46] [main/INFO]: Registering protocols...
[14:44:47] [main/INFO]: Loaded Platform ViaBackwards
[14:44:47] [main/INFO]: Registering protocols...
[14:44:47] [main/INFO]: Loaded Platform ViaRewind
[14:44:47] [main/INFO]: ViaVersion detected lowest supported version by the proxy: 1.7.2-1.7.5 (4)
[14:44:47] [main/INFO]: Highest supported version by the proxy: 1.21.5 (770)
[14:44:47] [main/WARN]: Please update your Java runtime to at least Java 21 (your version is 17.0.18).
[14:44:47] [main/WARN]: At some point in the future, ViaVersion will no longer be compatible with this version of Java.
[14:44:47] [Via Async Scheduler 0/INFO]: Finished mapping loading, shutting down loader executor.
[14:44:47] [main/INFO]: ViaLoadingBase has loaded 3/3 platforms
[14:44:47] [main/INFO]: [STDERR]: Failed to load config from themes: C:\hynix\themes
[14:44:47] [main/INFO]: [STDERR]: Failed to load config from custom: C:\hynix\custom
[14:44:47] [main/INFO]: [STDERR]: Failed to save config to custom: C:\hynix\custom
[14:44:47] [Via Async Task 1/WARN]: There is a newer plugin version available: 5.8.0, you're on: 5.3.0
[14:44:47] [main/INFO]: [OptiFine] (Reflector) Class not present: net.minecraftforge.fml.client.gui.screen.ModListScreen
[14:44:47] [main/INFO]: [OptiFine] (Reflector) Class not present: net.minecraftforge.client.gui.NotificationModUpdateScreen
[14:44:47] [main/INFO]: Reloading ResourceManager: Default
[14:44:47] [main/INFO]: [OptiFine] *** Reloading textures ***
[14:44:47] [main/INFO]: [OptiFine] Resource packs: Default
[14:44:47] [Worker-Main-10/INFO]: [OptiFine] (Reflector) Class not present: net.minecraftforge.client.model.ModelLoaderRegistry
[14:44:47] [Worker-Main-12/INFO]: [OptiFine] Multitexture: false
[14:44:47] [Worker-Main-8/INFO]: [OptiFine] Multitexture: false
[14:44:47] [Worker-Main-9/INFO]: [OptiFine] Multitexture: false
[14:44:47] [main/INFO]: [CHAT] [Baritone] Baritone settings file not found, resetting.
[14:44:47] [Realms Notification Availability checker #1/INFO]: Could not authorize you against Realms server: java.lang.RuntimeException: Failed to parse into SignedJWT: 0
[14:44:49] [Worker-Main-10/INFO]: [OptiFine] Multitexture: false
[14:44:49] [Worker-Main-10/INFO]: [OptiFine] ConnectedTextures: optifine/ctm/default/00_glass_white/glass_pane_white.properties
[14:44:49] [Worker-Main-10/INFO]: [OptiFine] ConnectedTextures: optifine/ctm/default/00_glass_white/glass_white.properties
[14:44:49] [Worker-Main-10/INFO]: [OptiFine] ConnectedTextures: optifine/ctm/default/01_glass_orange/glass_orange.properties
[14:44:49] [Worker-Main-10/INFO]: [OptiFine] ConnectedTextures: optifine/ctm/default/01_glass_orange/glass_pane_orange.properties
[14:44:49] [Worker-Main-10/INFO]: [OptiFine] ConnectedTextures: optifine/ctm/default/02_glass_magenta/glass_magenta.properties
[14:44:49] [Worker-Main-10/INFO]: [OptiFine] ConnectedTextures: optifine/ctm/default/02_glass_magenta/glass_pane_magenta.properties
[14:44:49] [Worker-Main-10/INFO]: [OptiFine] ConnectedTextures: optifine/ctm/default/03_glass_light_blue/glass_light_blue.properties
[14:44:49] [Worker-Main-10/INFO]: [OptiFine] ConnectedTextures: optifine/ctm/default/03_glass_light_blue/glass_pane_light_blue.properties
[14:44:49] [Worker-Main-10/INFO]: [OptiFine] ConnectedTextures: optifine/ctm/default/04_glass_yellow/glass_pane_yellow.properties
[14:44:49] [Worker-Main-10/INFO]: [OptiFine] ConnectedTextures: optifine/ctm/default/04_glass_yellow/glass_yellow.properties
[14:44:49] [Worker-Main-10/INFO]: [OptiFine] ConnectedTextures: optifine/ctm/default/05_glass_lime/glass_lime.properties
[14:44:49] [Worker-Main-10/INFO]: [OptiFine] ConnectedTextures: optifine/ctm/default/05_glass_lime/glass_pane_lime.properties
[14:44:49] [Worker-Main-10/INFO]: [OptiFine] ConnectedTextures: optifine/ctm/default/06_glass_pink/glass_pane_pink.properties
[14:44:49] [Worker-Main-10/INFO]: [OptiFine] ConnectedTextures: optifine/ctm/default/06_glass_pink/glass_pink.properties
[14:44:49] [Worker-Main-10/INFO]: [OptiFine] ConnectedTextures: optifine/ctm/default/07_glass_gray/glass_gray.properties
[14:44:49] [Worker-Main-10/INFO]: [OptiFine] ConnectedTextures: optifine/ctm/default/07_glass_gray/glass_pane_gray.properties
[14:44:49] [Worker-Main-10/INFO]: [OptiFine] ConnectedTextures: optifine/ctm/default/08_glass_light_gray/glass_light_gray.properties
[14:44:49] [Worker-Main-10/INFO]: [OptiFine] ConnectedTextures: optifine/ctm/default/08_glass_light_gray/glass_pane_light_gray.properties
[14:44:49] [Worker-Main-10/INFO]: [OptiFine] ConnectedTextures: optifine/ctm/default/09_glass_cyan/glass_cyan.properties
[14:44:49] [Worker-Main-10/INFO]: [OptiFine] ConnectedTextures: optifine/ctm/default/09_glass_cyan/glass_pane_cyan.properties
[14:44:49] [Worker-Main-10/INFO]: [OptiFine] ConnectedTextures: optifine/ctm/default/10_glass_purple/glass_pane_purple.properties
[14:44:49] [Worker-Main-10/INFO]: [OptiFine] ConnectedTextures: optifine/ctm/default/10_glass_purple/glass_purple.properties
[14:44:49] [Worker-Main-10/INFO]: [OptiFine] ConnectedTextures: optifine/ctm/default/11_glass_blue/glass_blue.properties
[14:44:49] [Worker-Main-10/INFO]: [OptiFine] ConnectedTextures: optifine/ctm/default/11_glass_blue/glass_pane_blue.properties
[14:44:49] [Worker-Main-10/INFO]: [OptiFine] ConnectedTextures: optifine/ctm/default/12_glass_brown/glass_brown.properties
[14:44:49] [Worker-Main-10/INFO]: [OptiFine] ConnectedTextures: optifine/ctm/default/12_glass_brown/glass_pane_brown.properties
[14:44:49] [Worker-Main-10/INFO]: [OptiFine] ConnectedTextures: optifine/ctm/default/13_glass_green/glass_green.properties
[14:44:49] [Worker-Main-10/INFO]: [OptiFine] ConnectedTextures: optifine/ctm/default/13_glass_green/glass_pane_green.properties
[14:44:49] [Worker-Main-10/INFO]: [OptiFine] ConnectedTextures: optifine/ctm/default/14_glass_red/glass_pane_red.properties
[14:44:49] [Worker-Main-10/INFO]: [OptiFine] ConnectedTextures: optifine/ctm/default/14_glass_red/glass_red.properties
[14:44:49] [Worker-Main-10/INFO]: [OptiFine] ConnectedTextures: optifine/ctm/default/15_glass_black/glass_black.properties
[14:44:49] [Worker-Main-10/INFO]: [OptiFine] ConnectedTextures: optifine/ctm/default/15_glass_black/glass_pane_black.properties
[14:44:49] [Worker-Main-10/INFO]: [OptiFine] ConnectedTextures: optifine/ctm/default/20_glass/glass.properties
[14:44:49] [Worker-Main-10/INFO]: [OptiFine] ConnectedTextures: optifine/ctm/default/20_glass/glass_pane.properties
[14:44:49] [Worker-Main-10/INFO]: [OptiFine] ConnectedTextures: optifine/ctm/default/30_bookshelf/bookshelf.properties
[14:44:49] [Worker-Main-10/INFO]: [OptiFine] ConnectedTextures: optifine/ctm/default/40_sandstone/sandstone.properties
[14:44:49] [Worker-Main-10/INFO]: [OptiFine] ConnectedTextures: optifine/ctm/default/41_red_sandstone/red_sandstone.properties
[14:44:49] [Worker-Main-10/INFO]: [OptiFine] Multipass connected textures: false
[14:44:49] [Worker-Main-10/INFO]: [OptiFine] BetterGrass: Parsing default configuration optifine/bettergrass.properties
[14:44:50] [main/INFO]: [OptiFine] (Reflector) Method not present: net.minecraft.client.renderer.RenderTypeLookup.canRenderInLayer
[14:44:50] [main/INFO]: [OptiFine] *** Reflector Forge ***
[14:44:50] [main/INFO]: [OptiFine] (Reflector) Class not present: mods.betterfoliage.client.BetterFoliageClient
[14:44:50] [main/INFO]: [OptiFine] (Reflector) Class not present: net.minecraftforge.fml.BrandingControl
[14:44:50] [main/INFO]: [OptiFine] (Reflector) Class not present: net.minecraftforge.common.capabilities.ICapabilityProvider
[14:44:50] [main/INFO]: [OptiFine] (Reflector) Class not present: net.minecraftforge.common.capabilities.CapabilityProvider
[14:44:50] [main/INFO]: [OptiFine] (Reflector) Class not present: net.minecraftforge.fml.client.ClientModLoader
[14:44:50] [main/INFO]: [OptiFine] (Reflector) Class not present: net.minecraftforge.event.world.ChunkDataEvent$Save
[14:44:50] [main/INFO]: [OptiFine] (Reflector) Class not present: net.minecraftforge.event.world.ChunkEvent$Load
[14:44:50] [main/INFO]: [OptiFine] (Reflector) Class not present: net.minecraftforge.event.world.ChunkEvent$Unload
[14:44:50] [main/INFO]: [OptiFine] (Reflector) Class not present: net.minecraftforge.fml.client.ClientHooks
[14:44:50] [main/INFO]: [OptiFine] (Reflector) Class not present: net.minecraftforge.client.event.GuiScreenEvent$DrawScreenEvent$Pre
[14:44:50] [main/INFO]: [OptiFine] (Reflector) Class not present: net.minecraftforge.client.event.GuiScreenEvent$DrawScreenEvent$Post
[14:44:50] [main/INFO]: [OptiFine] (Reflector) Class not present: net.minecraftforge.event.entity.EntityLeaveWorldEvent
[14:44:50] [main/INFO]: [OptiFine] (Reflector) Class not present: net.minecraftforge.client.event.EntityViewRenderEvent$CameraSetup
[14:44:50] [main/INFO]: [OptiFine] (Reflector) Class not present: net.minecraftforge.client.event.EntityViewRenderEvent$FogColors
[14:44:50] [main/INFO]: [OptiFine] (Reflector) Class not present: net.minecraftforge.client.event.EntityViewRenderEvent$RenderFogEvent
[14:44:50] [main/INFO]: [OptiFine] (Reflector) Class not present: net.minecraftforge.event.entity.EntityJoinWorldEvent
[14:44:50] [main/INFO]: [OptiFine] (Reflector) Method not present: net.minecraftforge.eventbus.api.Event.isCanceled
[14:44:50] [main/INFO]: [OptiFine] (Reflector) Method not present: net.minecraftforge.eventbus.api.Event.getResult
[14:44:50] [main/INFO]: [OptiFine] (Reflector) Class not present: net.minecraftforge.eventbus.api.IEventBus
[14:44:50] [main/INFO]: [OptiFine] (Reflector) Class not present: net.minecraftforge.common.extensions.IForgeBlock
[14:44:50] [main/INFO]: [OptiFine] (Reflector) Method not present: net.minecraft.client.renderer.BlockModelShapes.getTexture
[14:44:50] [main/INFO]: [OptiFine] (Reflector) Method not present: net.minecraftforge.common.extensions.IForgeBlockState.addDestroyEffects
[14:44:50] [main/INFO]: [OptiFine] (Reflector) Method not present: net.minecraftforge.common.extensions.IForgeBlockState.addHitEffects
[14:44:50] [main/INFO]: [OptiFine] (Reflector) Method not present: net.minecraftforge.common.extensions.IForgeBlockState.getLightValue
[14:44:50] [main/INFO]: [OptiFine] (Reflector) Method not present: net.minecraftforge.common.extensions.IForgeBlockState.getSoundType
[14:44:50] [main/INFO]: [OptiFine] (Reflector) Method not present: net.minecraftforge.common.extensions.IForgeBlockState.getStateAtViewpoint
[14:44:50] [main/INFO]: [OptiFine] (Reflector) Method not present: net.minecraftforge.common.extensions.IForgeBlockState.isAir
[14:44:50] [main/INFO]: [OptiFine] (Reflector) Method not present: net.minecraftforge.common.extensions.IForgeBlockState.shouldDisplayFluidOverlay
[14:44:50] [main/INFO]: [OptiFine] (Reflector) Class not present: net.minecraftforge.common.extensions.IForgeFluid
[14:44:50] [main/INFO]: [OptiFine] (Reflector) Class not present: net.minecraftforge.fluids.FluidAttributes
[14:44:50] [main/INFO]: [OptiFine] (Reflector) Method not present: net.minecraft.entity.EntityType.getTags
[14:44:50] [main/INFO]: [OptiFine] (Reflector) Class not present: net.minecraftforge.event.ForgeEventFactory
[14:44:50] [main/INFO]: [OptiFine] (Reflector) Method not present: net.minecraft.fluid.Fluid.getTags
[14:44:50] [main/INFO]: [OptiFine] (Reflector) Class not present: net.minecraftforge.common.ForgeHooks
[14:44:50] [main/INFO]: [OptiFine] (Reflector) Class not present: net.minecraftforge.common.ForgeConfig
[14:44:50] [main/INFO]: [OptiFine] (Reflector) Class not present: net.minecraftforge.common.ForgeConfig$Client
[14:44:50] [main/INFO]: [OptiFine] (Reflector) Class not present: net.minecraftforge.common.ForgeConfigSpec
[14:44:50] [main/INFO]: [OptiFine] (Reflector) Class not present: net.minecraftforge.common.ForgeConfigSpec$ConfigValue
[14:44:50] [main/INFO]: [OptiFine] (Reflector) Method not present: net.minecraft.world.chunk.IChunk.getWorldForge
[14:44:50] [main/INFO]: [OptiFine] (Reflector) Class not present: net.minecraftforge.common.extensions.IForgeItem
[14:44:50] [main/INFO]: [OptiFine] (Reflector) Class not present: net.minecraftforge.common.extensions.IForgeItemStack
[14:44:50] [main/INFO]: [OptiFine] (Reflector) Class not present: net.minecraftforge.fml.ForgeI18n
[14:44:50] [main/INFO]: [OptiFine] (Reflector) Class not present: net.minecraftforge.common.extensions.IForgeEffectInstance
[14:44:50] [main/INFO]: [OptiFine] (Reflector) Class not present: net.minecraftforge.registries.ForgeRegistryEntry
[14:44:50] [main/INFO]: [OptiFine] (Reflector) Method not present: net.minecraft.client.renderer.RenderTypeLookup.canRenderInLayer
[14:44:50] [main/INFO]: [OptiFine] (Reflector) Constructor not present: net.minecraft.world.server.Ticket, params: class net.minecraft.world.server.TicketType, int, class java.lang.Object, boolean
[14:44:50] [main/INFO]: [OptiFine] (Reflector) Method not present: net.minecraft.world.server.Ticket.isForceTicks
[14:44:50] [main/INFO]: [OptiFine] (Reflector) Class not present: net.minecraftforge.common.extensions.IForgeTileEntity
[14:44:50] [main/INFO]: [OptiFine] (Reflector) Method not present: net.minecraft.client.world.DimensionRenderInfo.getCloudRenderHandler
[14:44:50] [main/INFO]: [OptiFine] (Reflector) Method not present: net.minecraft.client.world.DimensionRenderInfo.getSkyRenderHandler
[14:44:50] [main/INFO]: [OptiFine] (Reflector) Method not present: net.minecraft.client.world.DimensionRenderInfo.getWeatherParticleRenderHandler
[14:44:50] [main/INFO]: [OptiFine] (Reflector) Method not present: net.minecraft.client.world.DimensionRenderInfo.getWeatherRenderHandler
[14:44:50] [main/INFO]: [OptiFine] (Reflector) Class not present: net.minecraftforge.client.IRenderHandler
[14:44:50] [main/INFO]: [OptiFine] (Reflector) Class not present: net.minecraftforge.client.model.pipeline.LightUtil
[14:44:50] [main/INFO]: [OptiFine] (Reflector) Class not present: net.minecraftforge.common.MinecraftForge
[14:44:50] [main/INFO]: [OptiFine] (Reflector) Class not present: net.minecraftforge.client.MinecraftForgeClient
[14:44:50] [main/INFO]: [OptiFine] (Reflector) Class not present: net.minecraftforge.fml.common.ModContainer
[14:44:50] [main/INFO]: [OptiFine] (Reflector) Class not present: net.minecraftforge.entity.PartEntity
[14:44:50] [main/INFO]: [OptiFine] (Reflector) Class not present: net.minecraftforge.event.entity.PlaySoundAtEntityEvent
[14:44:50] [main/INFO]: [OptiFine] (Reflector) Class not present: net.minecraftforge.client.event.RenderBlockOverlayEvent$OverlayType
[14:44:50] [main/INFO]: [OptiFine] (Reflector) Class not present: net.minecraftforge.fml.client.registry.RenderingRegistry
[14:44:50] [main/INFO]: [OptiFine] (Reflector) Class not present: net.minecraftforge.client.event.RenderGameOverlayEvent$BossInfo
[14:44:50] [main/INFO]: [OptiFine] (Reflector) Class not present: net.minecraftforge.client.event.RenderItemInFrameEvent
[14:44:50] [main/INFO]: [OptiFine] (Reflector) Class not present: net.minecraftforge.client.event.RenderLivingEvent$Pre
[14:44:50] [main/INFO]: [OptiFine] (Reflector) Class not present: net.minecraftforge.client.event.RenderLivingEvent$Post
[14:44:50] [main/INFO]: [OptiFine] (Reflector) Class not present: net.minecraftforge.client.event.RenderNameplateEvent
[14:44:50] [main/INFO]: [OptiFine] (Reflector) Class not present: net.minecraftforge.client.event.ScreenshotEvent
[14:44:50] [main/INFO]: [OptiFine] (Reflector) Class not present: net.minecraftforge.fml.server.ServerLifecycleHooks
[14:44:50] [main/INFO]: [OptiFine] (Reflector) Class not present: net.minecraftforge.event.world.WorldEvent$Load
[14:44:50] [main/INFO]: [OptiFine] *** Reflector Vanilla ***
[14:44:51] [Worker-Main-10/INFO]: [OptiFine] Mipmap levels: 4
[14:44:52] [Worker-Main-10/INFO]: [OptiFine] Multitexture: false
[14:44:52] [Worker-Main-10/INFO]: [OptiFine] Sprite size: 64
[14:44:52] [Worker-Main-10/INFO]: [OptiFine] Mipmap levels: 6
[14:44:52] [Worker-Main-10/INFO]: [OptiFine] Multitexture: false
[14:44:52] [Worker-Main-10/INFO]: [OptiFine] Sprite size: 64
[14:44:52] [Worker-Main-10/INFO]: [OptiFine] Mipmap levels: 6
[14:44:52] [Worker-Main-10/INFO]: [OptiFine] Multitexture: false
[14:44:52] [Worker-Main-10/INFO]: [OptiFine] Sprite size: 64
[14:44:52] [Worker-Main-10/INFO]: [OptiFine] Mipmap levels: 6
[14:44:52] [Worker-Main-10/INFO]: [OptiFine] Multitexture: false
[14:44:52] [Worker-Main-10/INFO]: [OptiFine] Sprite size: 64
[14:44:52] [Worker-Main-10/INFO]: [OptiFine] Mipmap levels: 6
[14:44:52] [Worker-Main-10/INFO]: [OptiFine] Multitexture: false
[14:44:52] [Worker-Main-10/INFO]: [OptiFine] Sprite size: 64
[14:44:52] [Worker-Main-10/INFO]: [OptiFine] Mipmap levels: 6
[14:44:52] [Worker-Main-10/INFO]: [OptiFine] Multitexture: false
[14:44:52] [Worker-Main-10/INFO]: [OptiFine] Sprite size: 64
[14:44:52] [Worker-Main-10/INFO]: [OptiFine] Mipmap levels: 6
[14:44:52] [main/WARN]: Missing sound for event: minecraft:ambient.cave
[14:44:52] [main/WARN]: Missing sound for event: minecraft:ambient.basalt_deltas.additions
[14:44:52] [main/WARN]: Missing sound for event: minecraft:ambient.basalt_deltas.loop
[14:44:52] [main/WARN]: Missing sound for event: minecraft:ambient.basalt_deltas.mood
[14:44:52] [main/WARN]: Missing sound for event: minecraft:ambient.crimson_forest.additions
[14:44:52] [main/WARN]: Missing sound for event: minecraft:ambient.crimson_forest.loop
[14:44:52] [main/WARN]: Missing sound for event: minecraft:ambient.crimson_forest.mood
[14:44:52] [main/WARN]: Missing sound for event: minecraft:ambient.nether_wastes.additions
[14:44:52] [main/WARN]: Missing sound for event: minecraft:ambient.nether_wastes.loop
[14:44:52] [main/WARN]: Missing sound for event: minecraft:ambient.nether_wastes.mood
[14:44:52] [main/WARN]: Missing sound for event: minecraft:ambient.soul_sand_valley.additions
[14:44:52] [main/WARN]: Missing sound for event: minecraft:ambient.soul_sand_valley.loop
[14:44:52] [main/WARN]: Missing sound for event: minecraft:ambient.soul_sand_valley.mood
[14:44:52] [main/WARN]: Missing sound for event: minecraft:ambient.warped_forest.additions
[14:44:52] [main/WARN]: Missing sound for event: minecraft:ambient.warped_forest.loop
[14:44:52] [main/WARN]: Missing sound for event: minecraft:ambient.warped_forest.mood
[14:44:52] [main/WARN]: Missing sound for event: minecraft:ambient.underwater.enter
[14:44:52] [main/WARN]: Missing sound for event: minecraft:ambient.underwater.exit
[14:44:52] [main/WARN]: Missing sound for event: minecraft:ambient.underwater.loop
[14:44:52] [main/WARN]: Missing sound for event: minecraft:ambient.underwater.loop.additions
[14:44:52] [main/WARN]: Missing sound for event: minecraft:ambient.underwater.loop.additions.rare
[14:44:52] [main/WARN]: Missing sound for event: minecraft:ambient.underwater.loop.additions.ultra_rare
[14:44:52] [main/WARN]: Missing sound for event: minecraft:block.ancient_debris.break
[14:44:52] [main/WARN]: Missing sound for event: minecraft:block.ancient_debris.step
[14:44:52] [main/WARN]: Missing sound for event: minecraft:block.ancient_debris.place
[14:44:52] [main/WARN]: Missing sound for event: minecraft:block.ancient_debris.hit
[14:44:52] [main/WARN]: Missing sound for event: minecraft:block.ancient_debris.fall
[14:44:52] [main/WARN]: Missing sound for event: minecraft:block.anvil.break
[14:44:52] [main/WARN]: Missing sound for event: minecraft:block.anvil.destroy
[14:44:52] [main/WARN]: Missing sound for event: minecraft:block.anvil.fall
[14:44:52] [main/WARN]: Missing sound for event: minecraft:block.anvil.hit
[14:44:52] [main/WARN]: Missing sound for event: minecraft:block.anvil.land
[14:44:52] [main/WARN]: Missing sound for event: minecraft:block.anvil.place
[14:44:52] [main/WARN]: Missing sound for event: minecraft:block.anvil.step
[14:44:52] [main/WARN]: Missing sound for event: minecraft:block.anvil.use
[14:44:52] [main/WARN]: Missing sound for event: minecraft:item.armor.equip_chain
[14:44:52] [main/WARN]: Missing sound for event: minecraft:item.armor.equip_diamond
[14:44:52] [main/WARN]: Missing sound for event: minecraft:item.armor.equip_elytra
[14:44:52] [main/WARN]: Missing sound for event: minecraft:item.armor.equip_generic
[14:44:52] [main/WARN]: Missing sound for event: minecraft:item.armor.equip_gold
[14:44:52] [main/WARN]: Missing sound for event: minecraft:item.armor.equip_iron
[14:44:52] [main/WARN]: Missing sound for event: minecraft:item.armor.equip_leather
[14:44:52] [main/WARN]: Missing sound for event: minecraft:item.armor.equip_netherite
[14:44:52] [main/WARN]: Missing sound for event: minecraft:item.armor.equip_turtle
[14:44:52] [main/WARN]: Missing sound for event: minecraft:entity.armor_stand.break
[14:44:52] [main/WARN]: Missing sound for event: minecraft:entity.armor_stand.fall
[14:44:52] [main/WARN]: Missing sound for event: minecraft:entity.armor_stand.hit
[14:44:52] [main/WARN]: Missing sound for event: minecraft:entity.armor_stand.place
[14:44:52] [main/WARN]: Missing sound for event: minecraft:entity.arrow.hit
[14:44:52] [main/WARN]: Missing sound for event: minecraft:entity.arrow.hit_player
[14:44:52] [main/WARN]: Missing sound for event: minecraft:entity.arrow.shoot
[14:44:52] [main/WARN]: Missing sound for event: minecraft:item.axe.strip
[14:44:52] [main/WARN]: Missing sound for event: minecraft:block.bamboo.break
[14:44:52] [main/WARN]: Missing sound for event: minecraft:block.bamboo.fall
[14:44:52] [main/WARN]: Missing sound for event: minecraft:block.bamboo.hit
[14:44:52] [main/WARN]: Missing sound for event: minecraft:block.bamboo.place
[14:44:52] [main/WARN]: Missing sound for event: minecraft:block.bamboo.step
[14:44:52] [main/WARN]: Missing sound for event: minecraft:block.bamboo_sapling.break
[14:44:52] [main/WARN]: Missing sound for event: minecraft:block.bamboo_sapling.hit
[14:44:52] [main/WARN]: Missing sound for event: minecraft:block.bamboo_sapling.place
[14:44:52] [main/WARN]: Missing sound for event: minecraft:block.barrel.close
[14:44:52] [main/WARN]: Missing sound for event: minecraft:block.barrel.open
[14:44:52] [main/WARN]: Missing sound for event: minecraft:block.basalt.break
[14:44:52] [main/WARN]: Missing sound for event: minecraft:block.basalt.step
[14:44:52] [main/WARN]: Missing sound for event: minecraft:block.basalt.place
[14:44:52] [main/WARN]: Missing sound for event: minecraft:block.basalt.hit
[14:44:52] [main/WARN]: Missing sound for event: minecraft:block.basalt.fall
[14:44:52] [main/WARN]: Missing sound for event: minecraft:entity.bat.ambient
[14:44:52] [main/WARN]: Missing sound for event: minecraft:entity.bat.death
[14:44:52] [main/WARN]: Missing sound for event: minecraft:entity.bat.hurt
[14:44:52] [main/WARN]: Missing sound for event: minecraft:entity.bat.loop
[14:44:52] [main/WARN]: Missing sound for event: minecraft:entity.bat.takeoff
[14:44:52] [main/WARN]: Missing sound for event: minecraft:block.beacon.activate
[14:44:52] [main/WARN]: Missing sound for event: minecraft:block.beacon.ambient
[14:44:52] [main/WARN]: Missing sound for event: minecraft:block.beacon.deactivate
[14:44:52] [main/WARN]: Missing sound for event: minecraft:block.beacon.power_select
[14:44:52] [main/WARN]: Missing sound for event: minecraft:entity.bee.death
[14:44:52] [main/WARN]: Missing sound for event: minecraft:entity.bee.hurt
[14:44:52] [main/WARN]: Missing sound for event: minecraft:entity.bee.loop_aggressive
[14:44:52] [main/WARN]: Missing sound for event: minecraft:entity.bee.loop
[14:44:52] [main/WARN]: Missing sound for event: minecraft:entity.bee.sting
[14:44:52] [main/WARN]: Missing sound for event: minecraft:entity.bee.pollinate
[14:44:52] [main/WARN]: Missing sound for event: minecraft:block.beehive.drip
[14:44:52] [main/WARN]: Missing sound for event: minecraft:block.beehive.enter
[14:44:52] [main/WARN]: Missing sound for event: minecraft:block.beehive.exit
[14:44:52] [main/WARN]: Missing sound for event: minecraft:block.beehive.shear
[14:44:52] [main/WARN]: Missing sound for event: minecraft:block.beehive.work
[14:44:52] [main/WARN]: Missing sound for event: minecraft:block.bell.use
[14:44:52] [main/WARN]: Missing sound for event: minecraft:block.bell.resonate
[14:44:52] [main/WARN]: Missing sound for event: minecraft:entity.blaze.ambient
[14:44:52] [main/WARN]: Missing sound for event: minecraft:entity.blaze.burn
[14:44:52] [main/WARN]: Missing sound for event: minecraft:entity.blaze.death
[14:44:52] [main/WARN]: Missing sound for event: minecraft:entity.blaze.hurt
[14:44:52] [main/WARN]: Missing sound for event: minecraft:entity.blaze.shoot
[14:44:52] [main/WARN]: Missing sound for event: minecraft:entity.boat.paddle_land
[14:44:52] [main/WARN]: Missing sound for event: minecraft:entity.boat.paddle_water
[14:44:52] [main/WARN]: Missing sound for event: minecraft:block.bone_block.break
[14:44:52] [main/WARN]: Missing sound for event: minecraft:block.bone_block.fall
[14:44:52] [main/WARN]: Missing sound for event: minecraft:block.bone_block.hit
[14:44:52] [main/WARN]: Missing sound for event: minecraft:block.bone_block.place
[14:44:52] [main/WARN]: Missing sound for event: minecraft:block.bone_block.step
[14:44:52] [main/WARN]: Missing sound for event: minecraft:item.book.page_turn
[14:44:52] [main/WARN]: Missing sound for event: minecraft:item.book.put
[14:44:52] [main/WARN]: Missing sound for event: minecraft:block.blastfurnace.fire_crackle
[14:44:52] [main/WARN]: Missing sound for event: minecraft:item.bottle.empty
[14:44:52] [main/WARN]: Missing sound for event: minecraft:item.bottle.fill
[14:44:52] [main/WARN]: Missing sound for event: minecraft:item.bottle.fill_dragonbreath
[14:44:52] [main/WARN]: Missing sound for event: minecraft:block.brewing_stand.brew
[14:44:52] [main/WARN]: Missing sound for event: minecraft:block.bubble_column.bubble_pop
[14:44:52] [main/WARN]: Missing sound for event: minecraft:block.bubble_column.upwards_ambient
[14:44:52] [main/WARN]: Missing sound for event: minecraft:block.bubble_column.upwards_inside
[14:44:52] [main/WARN]: Missing sound for event: minecraft:block.bubble_column.whirlpool_ambient
[14:44:52] [main/WARN]: Missing sound for event: minecraft:block.bubble_column.whirlpool_inside
[14:44:52] [main/WARN]: Missing sound for event: minecraft:item.bucket.empty
[14:44:52] [main/WARN]: Missing sound for event: minecraft:item.bucket.empty_fish
[14:44:52] [main/WARN]: Missing sound for event: minecraft:item.bucket.empty_lava
[14:44:52] [main/WARN]: Missing sound for event: minecraft:item.bucket.fill
[14:44:52] [main/WARN]: Missing sound for event: minecraft:item.bucket.fill_fish
[14:44:52] [main/WARN]: Missing sound for event: minecraft:item.bucket.fill_lava
[14:44:52] [main/WARN]: Missing sound for event: minecraft:block.campfire.crackle
[14:44:52] [main/WARN]: Missing sound for event: minecraft:entity.cat.ambient
[14:44:52] [main/WARN]: Missing sound for event: minecraft:entity.cat.stray_ambient
[14:44:52] [main/WARN]: Missing sound for event: minecraft:entity.cat.death
[14:44:52] [main/WARN]: Missing sound for event: minecraft:entity.cat.eat
[14:44:52] [main/WARN]: Missing sound for event: minecraft:entity.cat.hiss
[14:44:52] [main/WARN]: Missing sound for event: minecraft:entity.cat.beg_for_food
[14:44:52] [main/WARN]: Missing sound for event: minecraft:entity.cat.hurt
[14:44:52] [main/WARN]: Missing sound for event: minecraft:entity.cat.purr
[14:44:52] [main/WARN]: Missing sound for event: minecraft:entity.cat.purreow
[14:44:52] [main/WARN]: Missing sound for event: minecraft:block.chain.break
[14:44:52] [main/WARN]: Missing sound for event: minecraft:block.chain.fall
[14:44:52] [main/WARN]: Missing sound for event: minecraft:block.chain.hit
[14:44:52] [main/WARN]: Missing sound for event: minecraft:block.chain.place
[14:44:52] [main/WARN]: Missing sound for event: minecraft:block.chain.step
[14:44:52] [main/WARN]: Missing sound for event: minecraft:block.chest.close
[14:44:52] [main/WARN]: Missing sound for event: minecraft:block.chest.locked
[14:44:52] [main/WARN]: Missing sound for event: minecraft:block.chest.open
[14:44:52] [main/WARN]: Missing sound for event: minecraft:entity.chicken.ambient
[14:44:52] [main/WARN]: Missing sound for event: minecraft:entity.chicken.death
[14:44:52] [main/WARN]: Missing sound for event: minecraft:entity.chicken.egg
[14:44:52] [main/WARN]: Missing sound for event: minecraft:entity.chicken.hurt
[14:44:52] [main/WARN]: Missing sound for event: minecraft:entity.chicken.step
[14:44:52] [main/WARN]: Missing sound for event: minecraft:block.chorus_flower.death
[14:44:52] [main/WARN]: Missing sound for event: minecraft:block.chorus_flower.grow
[14:44:52] [main/WARN]: Missing sound for event: minecraft:item.chorus_fruit.teleport
[14:44:52] [main/WARN]: Missing sound for event: minecraft:entity.cod.ambient
[14:44:52] [main/WARN]: Missing sound for event: minecraft:entity.cod.death
[14:44:52] [main/WARN]: Missing sound for event: minecraft:entity.cod.flop
[14:44:52] [main/WARN]: Missing sound for event: minecraft:entity.cod.hurt
[14:44:52] [main/WARN]: Missing sound for event: minecraft:block.comparator.click
[14:44:52] [main/WARN]: Missing sound for event: minecraft:block.composter.empty
[14:44:52] [main/WARN]: Missing sound for event: minecraft:block.composter.fill
[14:44:52] [main/WARN]: Missing sound for event: minecraft:block.composter.fill_success
[14:44:52] [main/WARN]: Missing sound for event: minecraft:block.composter.ready
[14:44:52] [main/WARN]: Missing sound for event: minecraft:block.conduit.activate
[14:44:52] [main/WARN]: Missing sound for event: minecraft:block.conduit.ambient
[14:44:52] [main/WARN]: Missing sound for event: minecraft:block.conduit.ambient.short
[14:44:52] [main/WARN]: Missing sound for event: minecraft:block.conduit.attack.target
[14:44:52] [main/WARN]: Missing sound for event: minecraft:block.conduit.deactivate
[14:44:52] [main/WARN]: Missing sound for event: minecraft:block.coral_block.break
[14:44:52] [main/WARN]: Missing sound for event: minecraft:block.coral_block.fall
[14:44:52] [main/WARN]: Missing sound for event: minecraft:block.coral_block.hit
[14:44:52] [main/WARN]: Missing sound for event: minecraft:block.coral_block.place
[14:44:52] [main/WARN]: Missing sound for event: minecraft:block.coral_block.step
[14:44:52] [main/WARN]: Missing sound for event: minecraft:entity.cow.ambient
[14:44:52] [main/WARN]: Missing sound for event: minecraft:entity.cow.death
[14:44:52] [main/WARN]: Missing sound for event: minecraft:entity.cow.hurt
[14:44:52] [main/WARN]: Missing sound for event: minecraft:entity.cow.milk
[14:44:52] [main/WARN]: Missing sound for event: minecraft:entity.cow.step
[14:44:52] [main/WARN]: Missing sound for event: minecraft:entity.creeper.death
[14:44:52] [main/WARN]: Missing sound for event: minecraft:entity.creeper.hurt
[14:44:52] [main/WARN]: Missing sound for event: minecraft:entity.creeper.primed
[14:44:52] [main/WARN]: Missing sound for event: minecraft:block.crop.break
[14:44:52] [main/WARN]: Missing sound for event: minecraft:item.crop.plant
[14:44:52] [main/WARN]: Missing sound for event: minecraft:item.crossbow.hit
[14:44:52] [main/WARN]: Missing sound for event: minecraft:item.crossbow.loading_end
[14:44:52] [main/WARN]: Missing sound for event: minecraft:item.crossbow.loading_middle
[14:44:52] [main/WARN]: Missing sound for event: minecraft:item.crossbow.loading_start
[14:44:52] [main/WARN]: Missing sound for event: minecraft:item.crossbow.quick_charge_1
[14:44:52] [main/WARN]: Missing sound for event: minecraft:item.crossbow.quick_charge_2
[14:44:52] [main/WARN]: Missing sound for event: minecraft:item.crossbow.quick_charge_3
[14:44:52] [main/WARN]: Missing sound for event: minecraft:item.crossbow.shoot
[14:44:52] [main/WARN]: Missing sound for event: minecraft:block.dispenser.dispense
[14:44:52] [main/WARN]: Missing sound for event: minecraft:block.dispenser.fail
[14:44:52] [main/WARN]: Missing sound for event: minecraft:block.dispenser.launch
[14:44:52] [main/WARN]: Missing sound for event: minecraft:entity.dolphin.ambient
[14:44:52] [main/WARN]: Missing sound for event: minecraft:entity.dolphin.ambient_water
[14:44:52] [main/WARN]: Missing sound for event: minecraft:entity.dolphin.attack
[14:44:52] [main/WARN]: Missing sound for event: minecraft:entity.dolphin.death
[14:44:52] [main/WARN]: Missing sound for event: minecraft:entity.dolphin.eat
[14:44:52] [main/WARN]: Missing sound for event: minecraft:entity.dolphin.hurt
[14:44:52] [main/WARN]: Missing sound for event: minecraft:entity.dolphin.jump
[14:44:52] [main/WARN]: Missing sound for event: minecraft:entity.dolphin.play
[14:44:52] [main/WARN]: Missing sound for event: minecraft:entity.dolphin.splash
[14:44:52] [main/WARN]: Missing sound for event: minecraft:entity.dolphin.swim
[14:44:52] [main/WARN]: Missing sound for event: minecraft:entity.donkey.ambient
[14:44:52] [main/WARN]: Missing sound for event: minecraft:entity.donkey.angry
[14:44:52] [main/WARN]: Missing sound for event: minecraft:entity.donkey.chest
[14:44:52] [main/WARN]: Missing sound for event: minecraft:entity.donkey.death
[14:44:52] [main/WARN]: Missing sound for event: minecraft:entity.donkey.eat
[14:44:52] [main/WARN]: Missing sound for event: minecraft:entity.donkey.hurt
[14:44:52] [main/WARN]: Missing sound for event: minecraft:entity.drowned.ambient
[14:44:52] [main/WARN]: Missing sound for event: minecraft:entity.drowned.ambient_water
[14:44:52] [main/WARN]: Missing sound for event: minecraft:entity.drowned.death
[14:44:52] [main/WARN]: Missing sound for event: minecraft:entity.drowned.death_water
[14:44:52] [main/WARN]: Missing sound for event: minecraft:entity.drowned.hurt
[14:44:52] [main/WARN]: Missing sound for event: minecraft:entity.drowned.hurt_water
[14:44:52] [main/WARN]: Missing sound for event: minecraft:entity.drowned.shoot
[14:44:52] [main/WARN]: Missing sound for event: minecraft:entity.drowned.step
[14:44:52] [main/WARN]: Missing sound for event: minecraft:entity.drowned.swim
[14:44:52] [main/WARN]: Missing sound for event: minecraft:entity.egg.throw
[14:44:52] [main/WARN]: Missing sound for event: minecraft:entity.elder_guardian.ambient
[14:44:52] [main/WARN]: Missing sound for event: minecraft:entity.elder_guardian.ambient_land
[14:44:52] [main/WARN]: Missing sound for event: minecraft:entity.elder_guardian.curse
[14:44:52] [main/WARN]: Missing sound for event: minecraft:entity.elder_guardian.death
[14:44:52] [main/WARN]: Missing sound for event: minecraft:entity.elder_guardian.death_land
[14:44:52] [main/WARN]: Missing sound for event: minecraft:entity.elder_guardian.flop
[14:44:52] [main/WARN]: Missing sound for event: minecraft:entity.elder_guardian.hurt
[14:44:52] [main/WARN]: Missing sound for event: minecraft:entity.elder_guardian.hurt_land
[14:44:52] [main/WARN]: Missing sound for event: minecraft:item.elytra.flying
[14:44:52] [main/WARN]: Missing sound for event: minecraft:block.enchantment_table.use
[14:44:52] [main/WARN]: Missing sound for event: minecraft:block.ender_chest.close
[14:44:52] [main/WARN]: Missing sound for event: minecraft:block.ender_chest.open
[14:44:52] [main/WARN]: Missing sound for event: minecraft:entity.ender_dragon.ambient
[14:44:52] [main/WARN]: Missing sound for event: minecraft:entity.ender_dragon.death
[14:44:52] [main/WARN]: Missing sound for event: minecraft:entity.dragon_fireball.explode
[14:44:52] [main/WARN]: Missing sound for event: minecraft:entity.ender_dragon.flap
[14:44:52] [main/WARN]: Missing sound for event: minecraft:entity.ender_dragon.growl
[14:44:52] [main/WARN]: Missing sound for event: minecraft:entity.ender_dragon.hurt
[14:44:52] [main/WARN]: Missing sound for event: minecraft:entity.ender_dragon.shoot
[14:44:52] [main/WARN]: Missing sound for event: minecraft:entity.ender_eye.death
[14:44:52] [main/WARN]: Missing sound for event: minecraft:entity.ender_eye.launch
[14:44:52] [main/WARN]: Missing sound for event: minecraft:entity.enderman.ambient
[14:44:52] [main/WARN]: Missing sound for event: minecraft:entity.enderman.death
[14:44:52] [main/WARN]: Missing sound for event: minecraft:entity.enderman.hurt
[14:44:52] [main/WARN]: Missing sound for event: minecraft:entity.enderman.scream
[14:44:52] [main/WARN]: Missing sound for event: minecraft:entity.enderman.stare
[14:44:52] [main/WARN]: Missing sound for event: minecraft:entity.enderman.teleport
[14:44:52] [main/WARN]: Missing sound for event: minecraft:entity.endermite.ambient
[14:44:52] [main/WARN]: Missing sound for event: minecraft:entity.endermite.death
[14:44:52] [main/WARN]: Missing sound for event: minecraft:entity.endermite.hurt
[14:44:52] [main/WARN]: Missing sound for event: minecraft:entity.endermite.step
[14:44:52] [main/WARN]: Missing sound for event: minecraft:entity.ender_pearl.throw
[14:44:52] [main/WARN]: Missing sound for event: minecraft:block.end_gateway.spawn
[14:44:52] [main/WARN]: Missing sound for event: minecraft:block.end_portal_frame.fill
[14:44:52] [main/WARN]: Missing sound for event: minecraft:block.end_portal.spawn
[14:44:52] [main/WARN]: Missing sound for event: minecraft:entity.evoker.ambient
[14:44:52] [main/WARN]: Missing sound for event: minecraft:entity.evoker.cast_spell
[14:44:52] [main/WARN]: Missing sound for event: minecraft:entity.evoker.celebrate
[14:44:52] [main/WARN]: Missing sound for event: minecraft:entity.evoker.death
[14:44:52] [main/WARN]: Missing sound for event: minecraft:entity.evoker_fangs.attack
[14:44:52] [main/WARN]: Missing sound for event: minecraft:entity.evoker.hurt
[14:44:52] [main/WARN]: Missing sound for event: minecraft:entity.evoker.prepare_attack
[14:44:52] [main/WARN]: Missing sound for event: minecraft:entity.evoker.prepare_summon
[14:44:52] [main/WARN]: Missing sound for event: minecraft:entity.evoker.prepare_wololo
[14:44:52] [main/WARN]: Missing sound for event: minecraft:entity.experience_bottle.throw
[14:44:52] [main/WARN]: Missing sound for event: minecraft:entity.experience_orb.pickup
[14:44:52] [main/WARN]: Missing sound for event: minecraft:block.fence_gate.close
[14:44:52] [main/WARN]: Missing sound for event: minecraft:block.fence_gate.open
[14:44:52] [main/WARN]: Missing sound for event: minecraft:item.firecharge.use
[14:44:52] [main/WARN]: Missing sound for event: minecraft:entity.firework_rocket.blast
[14:44:52] [main/WARN]: Missing sound for event: minecraft:entity.firework_rocket.blast_far
[14:44:52] [main/WARN]: Missing sound for event: minecraft:entity.firework_rocket.large_blast
[14:44:52] [main/WARN]: Missing sound for event: minecraft:entity.firework_rocket.large_blast_far
[14:44:52] [main/WARN]: Missing sound for event: minecraft:entity.firework_rocket.launch
[14:44:52] [main/WARN]: Missing sound for event: minecraft:entity.firework_rocket.shoot
[14:44:52] [main/WARN]: Missing sound for event: minecraft:entity.firework_rocket.twinkle
[14:44:52] [main/WARN]: Missing sound for event: minecraft:entity.firework_rocket.twinkle_far
[14:44:52] [main/WARN]: Missing sound for event: minecraft:block.fire.ambient
[14:44:52] [main/WARN]: Missing sound for event: minecraft:block.fire.extinguish
[14:44:52] [main/WARN]: Missing sound for event: minecraft:entity.fish.swim
[14:44:52] [main/WARN]: Missing sound for event: minecraft:entity.fishing_bobber.retrieve
[14:44:52] [main/WARN]: Missing sound for event: minecraft:entity.fishing_bobber.splash
[14:44:52] [main/WARN]: Missing sound for event: minecraft:entity.fishing_bobber.throw
[14:44:52] [main/WARN]: Missing sound for event: minecraft:item.flintandsteel.use
[14:44:52] [main/WARN]: Missing sound for event: minecraft:entity.fox.aggro
[14:44:52] [main/WARN]: Missing sound for event: minecraft:entity.fox.ambient
[14:44:52] [main/WARN]: Missing sound for event: minecraft:entity.fox.bite
[14:44:52] [main/WARN]: Missing sound for event: minecraft:entity.fox.death
[14:44:52] [main/WARN]: Missing sound for event: minecraft:entity.fox.eat
[14:44:52] [main/WARN]: Missing sound for event: minecraft:entity.fox.hurt
[14:44:52] [main/WARN]: Missing sound for event: minecraft:entity.fox.screech
[14:44:52] [main/WARN]: Missing sound for event: minecraft:entity.fox.sleep
[14:44:52] [main/WARN]: Missing sound for event: minecraft:entity.fox.sniff
[14:44:52] [main/WARN]: Missing sound for event: minecraft:entity.fox.spit
[14:44:52] [main/WARN]: Missing sound for event: minecraft:entity.fox.teleport
[14:44:52] [main/WARN]: Missing sound for event: minecraft:block.roots.break
[14:44:52] [main/WARN]: Missing sound for event: minecraft:block.roots.step
[14:44:52] [main/WARN]: Missing sound for event: minecraft:block.roots.place
[14:44:52] [main/WARN]: Missing sound for event: minecraft:block.roots.hit
[14:44:52] [main/WARN]: Missing sound for event: minecraft:block.roots.fall
[14:44:52] [main/WARN]: Missing sound for event: minecraft:block.furnace.fire_crackle
[14:44:52] [main/WARN]: Missing sound for event: minecraft:entity.generic.big_fall
[14:44:52] [main/WARN]: Missing sound for event: minecraft:entity.generic.burn
[14:44:52] [main/WARN]: Missing sound for event: minecraft:entity.generic.death
[14:44:52] [main/WARN]: Missing sound for event: minecraft:entity.generic.drink
[14:44:52] [main/WARN]: Missing sound for event: minecraft:entity.generic.eat
[14:44:52] [main/WARN]: Missing sound for event: minecraft:entity.generic.explode
[14:44:52] [main/WARN]: Missing sound for event: minecraft:entity.generic.extinguish_fire
[14:44:52] [main/WARN]: Missing sound for event: minecraft:entity.generic.hurt
[14:44:52] [main/WARN]: Missing sound for event: minecraft:entity.generic.small_fall
[14:44:52] [main/WARN]: Missing sound for event: minecraft:entity.generic.splash
[14:44:52] [main/WARN]: Missing sound for event: minecraft:entity.generic.swim
[14:44:52] [main/WARN]: Missing sound for event: minecraft:entity.ghast.ambient
[14:44:52] [main/WARN]: Missing sound for event: minecraft:entity.ghast.death
[14:44:52] [main/WARN]: Missing sound for event: minecraft:entity.ghast.hurt
[14:44:52] [main/WARN]: Missing sound for event: minecraft:entity.ghast.scream
[14:44:52] [main/WARN]: Missing sound for event: minecraft:entity.ghast.shoot
[14:44:52] [main/WARN]: Missing sound for event: minecraft:entity.ghast.warn
[14:44:52] [main/WARN]: Missing sound for event: minecraft:block.gilded_blackstone.break
[14:44:52] [main/WARN]: Missing sound for event: minecraft:block.gilded_blackstone.fall
[14:44:52] [main/WARN]: Missing sound for event: minecraft:block.gilded_blackstone.hit
[14:44:52] [main/WARN]: Missing sound for event: minecraft:block.gilded_blackstone.place
[14:44:52] [main/WARN]: Missing sound for event: minecraft:block.gilded_blackstone.step
[14:44:52] [main/WARN]: Missing sound for event: minecraft:block.glass.break
[14:44:52] [main/WARN]: Missing sound for event: minecraft:block.glass.fall
[14:44:52] [main/WARN]: Missing sound for event: minecraft:block.glass.hit
[14:44:52] [main/WARN]: Missing sound for event: minecraft:block.glass.place
[14:44:52] [main/WARN]: Missing sound for event: minecraft:block.glass.step
[14:44:52] [main/WARN]: Missing sound for event: minecraft:block.grass.break
[14:44:52] [main/WARN]: Missing sound for event: minecraft:block.grass.fall
[14:44:52] [main/WARN]: Missing sound for event: minecraft:block.grass.hit
[14:44:52] [main/WARN]: Missing sound for event: minecraft:block.grass.place
[14:44:52] [main/WARN]: Missing sound for event: minecraft:block.grass.step
[14:44:52] [main/WARN]: Missing sound for event: minecraft:block.gravel.break
[14:44:52] [main/WARN]: Missing sound for event: minecraft:block.gravel.fall
[14:44:52] [main/WARN]: Missing sound for event: minecraft:block.gravel.hit
[14:44:52] [main/WARN]: Missing sound for event: minecraft:block.gravel.place
[14:44:52] [main/WARN]: Missing sound for event: minecraft:block.gravel.step
[14:44:52] [main/WARN]: Missing sound for event: minecraft:block.grindstone.use
[14:44:52] [main/WARN]: Missing sound for event: minecraft:entity.guardian.ambient
[14:44:52] [main/WARN]: Missing sound for event: minecraft:entity.guardian.ambient_land
[14:44:52] [main/WARN]: Missing sound for event: minecraft:entity.guardian.attack
[14:44:52] [main/WARN]: Missing sound for event: minecraft:entity.guardian.death
[14:44:52] [main/WARN]: Missing sound for event: minecraft:entity.guardian.death_land
[14:44:52] [main/WARN]: Missing sound for event: minecraft:entity.guardian.flop
[14:44:52] [main/WARN]: Missing sound for event: minecraft:entity.guardian.hurt
[14:44:52] [main/WARN]: Missing sound for event: minecraft:entity.guardian.hurt_land
[14:44:52] [main/WARN]: Missing sound for event: minecraft:item.hoe.till
[14:44:52] [main/WARN]: Missing sound for event: minecraft:entity.hoglin.ambient
[14:44:52] [main/WARN]: Missing sound for event: minecraft:entity.hoglin.angry
[14:44:52] [main/WARN]: Missing sound for event: minecraft:entity.hoglin.attack
[14:44:52] [main/WARN]: Missing sound for event: minecraft:entity.hoglin.converted_to_zombified
[14:44:52] [main/WARN]: Missing sound for event: minecraft:entity.hoglin.death
[14:44:52] [main/WARN]: Missing sound for event: minecraft:entity.hoglin.hurt
[14:44:52] [main/WARN]: Missing sound for event: minecraft:entity.hoglin.retreat
[14:44:52] [main/WARN]: Missing sound for event: minecraft:entity.hoglin.step
[14:44:52] [main/WARN]: Missing sound for event: minecraft:block.honey_block.break
[14:44:52] [main/WARN]: Missing sound for event: minecraft:block.honey_block.fall
[14:44:52] [main/WARN]: Missing sound for event: minecraft:block.honey_block.hit
[14:44:52] [main/WARN]: Missing sound for event: minecraft:block.honey_block.place
[14:44:52] [main/WARN]: Missing sound for event: minecraft:block.honey_block.slide
[14:44:52] [main/WARN]: Missing sound for event: minecraft:block.honey_block.step
[14:44:52] [main/WARN]: Missing sound for event: minecraft:item.honey_bottle.drink
[14:44:52] [main/WARN]: Missing sound for event: minecraft:entity.horse.ambient
[14:44:52] [main/WARN]: Missing sound for event: minecraft:entity.horse.angry
[14:44:52] [main/WARN]: Missing sound for event: minecraft:entity.horse.armor
[14:44:52] [main/WARN]: Missing sound for event: minecraft:entity.horse.breathe
[14:44:52] [main/WARN]: Missing sound for event: minecraft:entity.horse.death
[14:44:52] [main/WARN]: Missing sound for event: minecraft:entity.horse.eat
[14:44:52] [main/WARN]: Missing sound for event: minecraft:entity.horse.gallop
[14:44:52] [main/WARN]: Missing sound for event: minecraft:entity.horse.hurt
[14:44:52] [main/WARN]: Missing sound for event: minecraft:entity.horse.jump
[14:44:52] [main/WARN]: Missing sound for event: minecraft:entity.horse.land
[14:44:52] [main/WARN]: Missing sound for event: minecraft:entity.horse.saddle
[14:44:52] [main/WARN]: Missing sound for event: minecraft:entity.horse.step
[14:44:52] [main/WARN]: Missing sound for event: minecraft:entity.horse.step_wood
[14:44:52] [main/WARN]: Missing sound for event: minecraft:entity.hostile.big_fall
[14:44:52] [main/WARN]: Missing sound for event: minecraft:entity.hostile.death
[14:44:52] [main/WARN]: Missing sound for event: minecraft:entity.hostile.hurt
[14:44:52] [main/WARN]: Missing sound for event: minecraft:entity.hostile.small_fall
[14:44:52] [main/WARN]: Missing sound for event: minecraft:entity.hostile.splash
[14:44:52] [main/WARN]: Missing sound for event: minecraft:entity.hostile.swim
[14:44:52] [main/WARN]: Missing sound for event: minecraft:entity.husk.ambient
[14:44:52] [main/WARN]: Missing sound for event: minecraft:entity.husk.converted_to_zombie
[14:44:52] [main/WARN]: Missing sound for event: minecraft:entity.husk.death
[14:44:52] [main/WARN]: Missing sound for event: minecraft:entity.husk.hurt
[14:44:52] [main/WARN]: Missing sound for event: minecraft:entity.husk.step
[14:44:52] [main/WARN]: Missing sound for event: minecraft:entity.illusioner.ambient
[14:44:52] [main/WARN]: Missing sound for event: minecraft:entity.illusioner.cast_spell
[14:44:52] [main/WARN]: Missing sound for event: minecraft:entity.illusioner.death
[14:44:52] [main/WARN]: Missing sound for event: minecraft:entity.illusioner.hurt
[14:44:52] [main/WARN]: Missing sound for event: minecraft:entity.illusioner.mirror_move
[14:44:52] [main/WARN]: Missing sound for event: minecraft:entity.illusioner.prepare_blindness
[14:44:52] [main/WARN]: Missing sound for event: minecraft:entity.illusioner.prepare_mirror
[14:44:52] [main/WARN]: Missing sound for event: minecraft:block.iron_door.close
[14:44:52] [main/WARN]: Missing sound for event: minecraft:block.iron_door.open
[14:44:52] [main/WARN]: Missing sound for event: minecraft:entity.iron_golem.attack
[14:44:52] [main/WARN]: Missing sound for event: minecraft:entity.iron_golem.damage
[14:44:52] [main/WARN]: Missing sound for event: minecraft:entity.iron_golem.death
[14:44:52] [main/WARN]: Missing sound for event: minecraft:entity.iron_golem.hurt
[14:44:52] [main/WARN]: Missing sound for event: minecraft:entity.iron_golem.repair
[14:44:52] [main/WARN]: Missing sound for event: minecraft:entity.iron_golem.step
[14:44:52] [main/WARN]: Missing sound for event: minecraft:block.iron_trapdoor.close
[14:44:52] [main/WARN]: Missing sound for event: minecraft:block.iron_trapdoor.open
[14:44:52] [main/WARN]: Missing sound for event: minecraft:entity.item_frame.add_item
[14:44:52] [main/WARN]: Missing sound for event: minecraft:entity.item_frame.break
[14:44:52] [main/WARN]: Missing sound for event: minecraft:entity.item_frame.place
[14:44:52] [main/WARN]: Missing sound for event: minecraft:entity.item_frame.remove_item
[14:44:52] [main/WARN]: Missing sound for event: minecraft:entity.item_frame.rotate_item
[14:44:52] [main/WARN]: Missing sound for event: minecraft:entity.item.break
[14:44:52] [main/WARN]: Missing sound for event: minecraft:entity.item.pickup
[14:44:52] [main/WARN]: Missing sound for event: minecraft:block.ladder.break
[14:44:52] [main/WARN]: Missing sound for event: minecraft:block.ladder.fall
[14:44:52] [main/WARN]: Missing sound for event: minecraft:block.ladder.hit
[14:44:52] [main/WARN]: Missing sound for event: minecraft:block.ladder.place
[14:44:52] [main/WARN]: Missing sound for event: minecraft:block.ladder.step
[14:44:52] [main/WARN]: Missing sound for event: minecraft:block.lantern.break
[14:44:52] [main/WARN]: Missing sound for event: minecraft:block.lantern.fall
[14:44:52] [main/WARN]: Missing sound for event: minecraft:block.lantern.hit
[14:44:52] [main/WARN]: Missing sound for event: minecraft:block.lantern.place
[14:44:52] [main/WARN]: Missing sound for event: minecraft:block.lantern.step
[14:44:52] [main/WARN]: Missing sound for event: minecraft:block.lava.ambient
[14:44:52] [main/WARN]: Missing sound for event: minecraft:block.lava.extinguish
[14:44:52] [main/WARN]: Missing sound for event: minecraft:block.lava.pop
[14:44:52] [main/WARN]: Missing sound for event: minecraft:entity.leash_knot.break
[14:44:52] [main/WARN]: Missing sound for event: minecraft:entity.leash_knot.place
[14:44:52] [main/WARN]: Missing sound for event: minecraft:block.lever.click
[14:44:52] [main/WARN]: Missing sound for event: minecraft:entity.lightning_bolt.impact
[14:44:52] [main/WARN]: Missing sound for event: minecraft:entity.lightning_bolt.thunder
[14:44:52] [main/WARN]: Missing sound for event: minecraft:entity.lingering_potion.throw
[14:44:52] [main/WARN]: Missing sound for event: minecraft:entity.llama.ambient
[14:44:52] [main/WARN]: Missing sound for event: minecraft:entity.llama.angry
[14:44:52] [main/WARN]: Missing sound for event: minecraft:entity.llama.chest
[14:44:52] [main/WARN]: Missing sound for event: minecraft:entity.llama.death
[14:44:52] [main/WARN]: Missing sound for event: minecraft:entity.llama.eat
[14:44:52] [main/WARN]: Missing sound for event: minecraft:entity.llama.hurt
[14:44:52] [main/WARN]: Missing sound for event: minecraft:entity.llama.spit
[14:44:52] [main/WARN]: Missing sound for event: minecraft:entity.llama.step
[14:44:52] [main/WARN]: Missing sound for event: minecraft:entity.llama.swag
[14:44:52] [main/WARN]: Missing sound for event: minecraft:entity.magma_cube.death_small
[14:44:52] [main/WARN]: Missing sound for event: minecraft:block.lodestone.break
[14:44:52] [main/WARN]: Missing sound for event: minecraft:block.lodestone.step
[14:44:52] [main/WARN]: Missing sound for event: minecraft:block.lodestone.place
[14:44:52] [main/WARN]: Missing sound for event: minecraft:block.lodestone.hit
[14:44:52] [main/WARN]: Missing sound for event: minecraft:block.lodestone.fall
[14:44:52] [main/WARN]: Missing sound for event: minecraft:item.lodestone_compass.lock
[14:44:52] [main/WARN]: Missing sound for event: minecraft:entity.magma_cube.death
[14:44:52] [main/WARN]: Missing sound for event: minecraft:entity.magma_cube.hurt
[14:44:52] [main/WARN]: Missing sound for event: minecraft:entity.magma_cube.hurt_small
[14:44:52] [main/WARN]: Missing sound for event: minecraft:entity.magma_cube.jump
[14:44:52] [main/WARN]: Missing sound for event: minecraft:entity.magma_cube.squish
[14:44:52] [main/WARN]: Missing sound for event: minecraft:entity.magma_cube.squish_small
[14:44:52] [main/WARN]: Missing sound for event: minecraft:block.metal.break
[14:44:52] [main/WARN]: Missing sound for event: minecraft:block.metal.fall
[14:44:52] [main/WARN]: Missing sound for event: minecraft:block.metal.hit
[14:44:52] [main/WARN]: Missing sound for event: minecraft:block.metal.place
[14:44:52] [main/WARN]: Missing sound for event: minecraft:block.metal_pressure_plate.click_off
[14:44:52] [main/WARN]: Missing sound for event: minecraft:block.metal_pressure_plate.click_on
[14:44:52] [main/WARN]: Missing sound for event: minecraft:block.metal.step
[14:44:52] [main/WARN]: Missing sound for event: minecraft:entity.minecart.inside
[14:44:52] [main/WARN]: Missing sound for event: minecraft:entity.minecart.riding
[14:44:52] [main/WARN]: Missing sound for event: minecraft:entity.mooshroom.convert
[14:44:52] [main/WARN]: Missing sound for event: minecraft:entity.mooshroom.eat
[14:44:52] [main/WARN]: Missing sound for event: minecraft:entity.mooshroom.milk
[14:44:52] [main/WARN]: Missing sound for event: minecraft:entity.mooshroom.suspicious_milk
[14:44:52] [main/WARN]: Missing sound for event: minecraft:entity.mooshroom.shear
[14:44:52] [main/WARN]: Missing sound for event: minecraft:entity.mule.ambient
[14:44:52] [main/WARN]: Missing sound for event: minecraft:entity.mule.angry
[14:44:52] [main/WARN]: Missing sound for event: minecraft:entity.mule.chest
[14:44:52] [main/WARN]: Missing sound for event: minecraft:entity.mule.death
[14:44:52] [main/WARN]: Missing sound for event: minecraft:entity.mule.eat
[14:44:52] [main/WARN]: Missing sound for event: minecraft:entity.mule.hurt
[14:44:52] [main/WARN]: Missing sound for event: minecraft:music.creative
[14:44:52] [main/WARN]: Missing sound for event: minecraft:music.credits
[14:44:52] [main/WARN]: Missing sound for event: minecraft:music_disc.11
[14:44:52] [main/WARN]: Missing sound for event: minecraft:music_disc.13
[14:44:52] [main/WARN]: Missing sound for event: minecraft:music_disc.blocks
[14:44:52] [main/WARN]: Missing sound for event: minecraft:music_disc.cat
[14:44:52] [main/WARN]: Missing sound for event: minecraft:music_disc.chirp
[14:44:52] [main/WARN]: Missing sound for event: minecraft:music_disc.far
[14:44:52] [main/WARN]: Missing sound for event: minecraft:music_disc.mall
[14:44:52] [main/WARN]: Missing sound for event: minecraft:music_disc.mellohi
[14:44:52] [main/WARN]: Missing sound for event: minecraft:music_disc.pigstep
[14:44:52] [main/WARN]: Missing sound for event: minecraft:music_disc.stal
[14:44:52] [main/WARN]: Missing sound for event: minecraft:music_disc.strad
[14:44:52] [main/WARN]: Missing sound for event: minecraft:music_disc.wait
[14:44:52] [main/WARN]: Missing sound for event: minecraft:music_disc.ward
[14:44:52] [main/WARN]: Missing sound for event: minecraft:music.dragon
[14:44:52] [main/WARN]: Missing sound for event: minecraft:music.end
[14:44:52] [main/WARN]: Missing sound for event: minecraft:music.game
[14:44:52] [main/WARN]: Missing sound for event: minecraft:music.menu
[14:44:52] [main/WARN]: Missing sound for event: minecraft:music.nether.basalt_deltas
[14:44:52] [main/WARN]: Missing sound for event: minecraft:music.nether.nether_wastes
[14:44:52] [main/WARN]: Missing sound for event: minecraft:music.nether.soul_sand_valley
[14:44:52] [main/WARN]: Missing sound for event: minecraft:music.nether.crimson_forest
[14:44:52] [main/WARN]: Missing sound for event: minecraft:music.nether.warped_forest
[14:44:52] [main/WARN]: Missing sound for event: minecraft:music.under_water
[14:44:52] [main/WARN]: Missing sound for event: minecraft:block.nether_bricks.break
[14:44:52] [main/WARN]: Missing sound for event: minecraft:block.nether_bricks.step
[14:44:52] [main/WARN]: Missing sound for event: minecraft:block.nether_bricks.place
[14:44:52] [main/WARN]: Missing sound for event: minecraft:block.nether_bricks.hit
[14:44:52] [main/WARN]: Missing sound for event: minecraft:block.nether_bricks.fall
[14:44:52] [main/WARN]: Missing sound for event: minecraft:block.nether_wart.break
[14:44:52] [main/WARN]: Missing sound for event: minecraft:item.nether_wart.plant
[14:44:52] [main/WARN]: Missing sound for event: minecraft:block.stem.break
[14:44:52] [main/WARN]: Missing sound for event: minecraft:block.stem.step
[14:44:52] [main/WARN]: Missing sound for event: minecraft:block.stem.place
[14:44:52] [main/WARN]: Missing sound for event: minecraft:block.stem.hit
[14:44:52] [main/WARN]: Missing sound for event: minecraft:block.stem.fall
[14:44:52] [main/WARN]: Missing sound for event: minecraft:block.nylium.break
[14:44:52] [main/WARN]: Missing sound for event: minecraft:block.nylium.step
[14:44:52] [main/WARN]: Missing sound for event: minecraft:block.nylium.place
[14:44:52] [main/WARN]: Missing sound for event: minecraft:block.nylium.hit
[14:44:52] [main/WARN]: Missing sound for event: minecraft:block.nylium.fall
[14:44:52] [main/WARN]: Missing sound for event: minecraft:block.nether_sprouts.break
[14:44:52] [main/WARN]: Missing sound for event: minecraft:block.nether_sprouts.step
[14:44:52] [main/WARN]: Missing sound for event: minecraft:block.nether_sprouts.place
[14:44:52] [main/WARN]: Missing sound for event: minecraft:block.nether_sprouts.hit
[14:44:52] [main/WARN]: Missing sound for event: minecraft:block.nether_sprouts.fall
[14:44:52] [main/WARN]: Missing sound for event: minecraft:block.fungus.break
[14:44:52] [main/WARN]: Missing sound for event: minecraft:block.fungus.step
[14:44:52] [main/WARN]: Missing sound for event: minecraft:block.fungus.place
[14:44:52] [main/WARN]: Missing sound for event: minecraft:block.fungus.hit
[14:44:52] [main/WARN]: Missing sound for event: minecraft:block.fungus.fall
[14:44:52] [main/WARN]: Missing sound for event: minecraft:block.weeping_vines.break
[14:44:52] [main/WARN]: Missing sound for event: minecraft:block.weeping_vines.step
[14:44:52] [main/WARN]: Missing sound for event: minecraft:block.weeping_vines.place
[14:44:52] [main/WARN]: Missing sound for event: minecraft:block.weeping_vines.hit
[14:44:52] [main/WARN]: Missing sound for event: minecraft:block.weeping_vines.fall
[14:44:52] [main/WARN]: Missing sound for event: minecraft:block.wart_block.break
[14:44:52] [main/WARN]: Missing sound for event: minecraft:block.wart_block.step
[14:44:52] [main/WARN]: Missing sound for event: minecraft:block.wart_block.place
[14:44:52] [main/WARN]: Missing sound for event: minecraft:block.wart_block.hit
[14:44:52] [main/WARN]: Missing sound for event: minecraft:block.wart_block.fall
[14:44:52] [main/WARN]: Missing sound for event: minecraft:block.netherite_block.break
[14:44:52] [main/WARN]: Missing sound for event: minecraft:block.netherite_block.step
[14:44:52] [main/WARN]: Missing sound for event: minecraft:block.netherite_block.place
[14:44:52] [main/WARN]: Missing sound for event: minecraft:block.netherite_block.hit
[14:44:52] [main/WARN]: Missing sound for event: minecraft:block.netherite_block.fall
[14:44:52] [main/WARN]: Missing sound for event: minecraft:block.netherrack.break
[14:44:52] [main/WARN]: Missing sound for event: minecraft:block.netherrack.step
[14:44:52] [main/WARN]: Missing sound for event: minecraft:block.netherrack.place
[14:44:52] [main/WARN]: Missing sound for event: minecraft:block.netherrack.hit
[14:44:52] [main/WARN]: Missing sound for event: minecraft:block.netherrack.fall
[14:44:52] [main/WARN]: Missing sound for event: minecraft:block.note_block.basedrum
[14:44:52] [main/WARN]: Missing sound for event: minecraft:block.note_block.bass
[14:44:52] [main/WARN]: Missing sound for event: minecraft:block.note_block.bell
[14:44:52] [main/WARN]: Missing sound for event: minecraft:block.note_block.chime
[14:44:52] [main/WARN]: Missing sound for event: minecraft:block.note_block.flute
[14:44:52] [main/WARN]: Missing sound for event: minecraft:block.note_block.guitar
[14:44:52] [main/WARN]: Missing sound for event: minecraft:block.note_block.harp
[14:44:52] [main/WARN]: Missing sound for event: minecraft:block.note_block.hat
[14:44:52] [main/WARN]: Missing sound for event: minecraft:block.note_block.pling
[14:44:52] [main/WARN]: Missing sound for event: minecraft:block.note_block.snare
[14:44:52] [main/WARN]: Missing sound for event: minecraft:block.note_block.xylophone
[14:44:52] [main/WARN]: Missing sound for event: minecraft:block.note_block.iron_xylophone
[14:44:52] [main/WARN]: Missing sound for event: minecraft:block.note_block.cow_bell
[14:44:52] [main/WARN]: Missing sound for event: minecraft:block.note_block.didgeridoo
[14:44:52] [main/WARN]: Missing sound for event: minecraft:block.note_block.bit
[14:44:52] [main/WARN]: Missing sound for event: minecraft:block.note_block.banjo
[14:44:52] [main/WARN]: Missing sound for event: minecraft:entity.ocelot.hurt
[14:44:52] [main/WARN]: Missing sound for event: minecraft:entity.ocelot.ambient
[14:44:52] [main/WARN]: Missing sound for event: minecraft:entity.ocelot.death
[14:44:52] [main/WARN]: Missing sound for event: minecraft:entity.painting.break
[14:44:52] [main/WARN]: Missing sound for event: minecraft:entity.painting.place
[14:44:52] [main/WARN]: Missing sound for event: minecraft:entity.panda.pre_sneeze
[14:44:52] [main/WARN]: Missing sound for event: minecraft:entity.panda.sneeze
[14:44:52] [main/WARN]: Missing sound for event: minecraft:entity.panda.ambient
[14:44:52] [main/WARN]: Missing sound for event: minecraft:entity.panda.death
[14:44:52] [main/WARN]: Missing sound for event: minecraft:entity.panda.eat
[14:44:52] [main/WARN]: Missing sound for event: minecraft:entity.panda.step
[14:44:52] [main/WARN]: Missing sound for event: minecraft:entity.panda.cant_breed
[14:44:52] [main/WARN]: Missing sound for event: minecraft:entity.panda.aggressive_ambient
[14:44:52] [main/WARN]: Missing sound for event: minecraft:entity.panda.worried_ambient
[14:44:52] [main/WARN]: Missing sound for event: minecraft:entity.panda.hurt
[14:44:52] [main/WARN]: Missing sound for event: minecraft:entity.panda.bite
[14:44:52] [main/WARN]: Missing sound for event: minecraft:entity.parrot.ambient
[14:44:52] [main/WARN]: Missing sound for event: minecraft:entity.parrot.death
[14:44:52] [main/WARN]: Missing sound for event: minecraft:entity.parrot.eat
[14:44:52] [main/WARN]: Missing sound for event: minecraft:entity.parrot.fly
[14:44:52] [main/WARN]: Missing sound for event: minecraft:entity.parrot.hurt
[14:44:52] [main/WARN]: Missing sound for event: minecraft:entity.parrot.imitate.blaze
[14:44:52] [main/WARN]: Missing sound for event: minecraft:entity.parrot.imitate.creeper
[14:44:52] [main/WARN]: Missing sound for event: minecraft:entity.parrot.imitate.drowned
[14:44:52] [main/WARN]: Missing sound for event: minecraft:entity.parrot.imitate.elder_guardian
[14:44:52] [main/WARN]: Missing sound for event: minecraft:entity.parrot.imitate.ender_dragon
[14:44:52] [main/WARN]: Missing sound for event: minecraft:entity.parrot.imitate.endermite
[14:44:52] [main/WARN]: Missing sound for event: minecraft:entity.parrot.imitate.evoker
[14:44:52] [main/WARN]: Missing sound for event: minecraft:entity.parrot.imitate.ghast
[14:44:52] [main/WARN]: Missing sound for event: minecraft:entity.parrot.imitate.guardian
[14:44:52] [main/WARN]: Missing sound for event: minecraft:entity.parrot.imitate.hoglin
[14:44:52] [main/WARN]: Missing sound for event: minecraft:entity.parrot.imitate.husk
[14:44:52] [main/WARN]: Missing sound for event: minecraft:entity.parrot.imitate.illusioner
[14:44:52] [main/WARN]: Missing sound for event: minecraft:entity.parrot.imitate.magma_cube
[14:44:52] [main/WARN]: Missing sound for event: minecraft:entity.parrot.imitate.phantom
[14:44:52] [main/WARN]: Missing sound for event: minecraft:entity.parrot.imitate.piglin
[14:44:52] [main/WARN]: Missing sound for event: minecraft:entity.parrot.imitate.piglin_brute
[14:44:52] [main/WARN]: Missing sound for event: minecraft:entity.parrot.imitate.pillager
[14:44:52] [main/WARN]: Missing sound for event: minecraft:entity.parrot.imitate.ravager
[14:44:52] [main/WARN]: Missing sound for event: minecraft:entity.parrot.imitate.shulker
[14:44:52] [main/WARN]: Missing sound for event: minecraft:entity.parrot.imitate.silverfish
[14:44:52] [main/WARN]: Missing sound for event: minecraft:entity.parrot.imitate.skeleton
[14:44:52] [main/WARN]: Missing sound for event: minecraft:entity.parrot.imitate.slime
[14:44:52] [main/WARN]: Missing sound for event: minecraft:entity.parrot.imitate.spider
[14:44:52] [main/WARN]: Missing sound for event: minecraft:entity.parrot.imitate.stray
[14:44:52] [main/WARN]: Missing sound for event: minecraft:entity.parrot.imitate.vex
[14:44:52] [main/WARN]: Missing sound for event: minecraft:entity.parrot.imitate.vindicator
[14:44:52] [main/WARN]: Missing sound for event: minecraft:entity.parrot.imitate.witch
[14:44:52] [main/WARN]: Missing sound for event: minecraft:entity.parrot.imitate.wither
[14:44:52] [main/WARN]: Missing sound for event: minecraft:entity.parrot.imitate.wither_skeleton
[14:44:52] [main/WARN]: Missing sound for event: minecraft:entity.parrot.imitate.zoglin
[14:44:52] [main/WARN]: Missing sound for event: minecraft:entity.parrot.imitate.zombie
[14:44:52] [main/WARN]: Missing sound for event: minecraft:entity.parrot.imitate.zombie_villager
[14:44:52] [main/WARN]: Missing sound for event: minecraft:entity.parrot.step
[14:44:52] [main/WARN]: Missing sound for event: minecraft:entity.phantom.ambient
[14:44:52] [main/WARN]: Missing sound for event: minecraft:entity.phantom.bite
[14:44:52] [main/WARN]: Missing sound for event: minecraft:entity.phantom.death
[14:44:52] [main/WARN]: Missing sound for event: minecraft:entity.phantom.flap
[14:44:52] [main/WARN]: Missing sound for event: minecraft:entity.phantom.hurt
[14:44:52] [main/WARN]: Missing sound for event: minecraft:entity.phantom.swoop
[14:44:52] [main/WARN]: Missing sound for event: minecraft:entity.pig.ambient
[14:44:52] [main/WARN]: Missing sound for event: minecraft:entity.pig.death
[14:44:52] [main/WARN]: Missing sound for event: minecraft:entity.pig.hurt
[14:44:52] [main/WARN]: Missing sound for event: minecraft:entity.pig.saddle
[14:44:52] [main/WARN]: Missing sound for event: minecraft:entity.pig.step
[14:44:52] [main/WARN]: Missing sound for event: minecraft:entity.piglin.admiring_item
[14:44:52] [main/WARN]: Missing sound for event: minecraft:entity.piglin.ambient
[14:44:52] [main/WARN]: Missing sound for event: minecraft:entity.piglin.angry
[14:44:52] [main/WARN]: Missing sound for event: minecraft:entity.piglin.celebrate
[14:44:52] [main/WARN]: Missing sound for event: minecraft:entity.piglin.death
[14:44:52] [main/WARN]: Missing sound for event: minecraft:entity.piglin.jealous
[14:44:52] [main/WARN]: Missing sound for event: minecraft:entity.piglin.hurt
[14:44:52] [main/WARN]: Missing sound for event: minecraft:entity.piglin.retreat
[14:44:52] [main/WARN]: Missing sound for event: minecraft:entity.piglin.step
[14:44:52] [main/WARN]: Missing sound for event: minecraft:entity.piglin.converted_to_zombified
[14:44:52] [main/WARN]: Missing sound for event: minecraft:entity.piglin_brute.ambient
[14:44:52] [main/WARN]: Missing sound for event: minecraft:entity.piglin_brute.angry
[14:44:52] [main/WARN]: Missing sound for event: minecraft:entity.piglin_brute.death
[14:44:52] [main/WARN]: Missing sound for event: minecraft:entity.piglin_brute.hurt
[14:44:52] [main/WARN]: Missing sound for event: minecraft:entity.piglin_brute.step
[14:44:52] [main/WARN]: Missing sound for event: minecraft:entity.piglin_brute.converted_to_zombified
[14:44:52] [main/WARN]: Missing sound for event: minecraft:entity.pillager.ambient
[14:44:52] [main/WARN]: Missing sound for event: minecraft:entity.pillager.celebrate
[14:44:52] [main/WARN]: Missing sound for event: minecraft:entity.pillager.death
[14:44:52] [main/WARN]: Missing sound for event: minecraft:entity.pillager.hurt
[14:44:52] [main/WARN]: Missing sound for event: minecraft:block.piston.contract
[14:44:52] [main/WARN]: Missing sound for event: minecraft:block.piston.extend
[14:44:52] [main/WARN]: Missing sound for event: minecraft:entity.player.attack.crit
[14:44:52] [main/WARN]: Missing sound for event: minecraft:entity.player.attack.knockback
[14:44:52] [main/WARN]: Missing sound for event: minecraft:entity.player.attack.nodamage
[14:44:52] [main/WARN]: Missing sound for event: minecraft:entity.player.attack.strong
[14:44:52] [main/WARN]: Missing sound for event: minecraft:entity.player.attack.sweep
[14:44:52] [main/WARN]: Missing sound for event: minecraft:entity.player.attack.weak
[14:44:52] [main/WARN]: Missing sound for event: minecraft:entity.player.big_fall
[14:44:52] [main/WARN]: Missing sound for event: minecraft:entity.player.breath
[14:44:52] [main/WARN]: Missing sound for event: minecraft:entity.player.burp
[14:44:52] [main/WARN]: Missing sound for event: minecraft:entity.player.death
[14:44:52] [main/WARN]: Missing sound for event: minecraft:entity.player.hurt
[14:44:52] [main/WARN]: Missing sound for event: minecraft:entity.player.hurt_drown
[14:44:52] [main/WARN]: Missing sound for event: minecraft:entity.player.hurt_on_fire
[14:44:52] [main/WARN]: Missing sound for event: minecraft:entity.player.hurt_sweet_berry_bush
[14:44:52] [main/WARN]: Missing sound for event: minecraft:entity.player.levelup
[14:44:52] [main/WARN]: Missing sound for event: minecraft:entity.player.small_fall
[14:44:52] [main/WARN]: Missing sound for event: minecraft:entity.player.splash
[14:44:52] [main/WARN]: Missing sound for event: minecraft:entity.player.splash.high_speed
[14:44:52] [main/WARN]: Missing sound for event: minecraft:entity.player.swim
[14:44:52] [main/WARN]: Missing sound for event: minecraft:entity.polar_bear.ambient
[14:44:52] [main/WARN]: Missing sound for event: minecraft:entity.polar_bear.ambient_baby
[14:44:52] [main/WARN]: Missing sound for event: minecraft:entity.polar_bear.death
[14:44:52] [main/WARN]: Missing sound for event: minecraft:entity.polar_bear.hurt
[14:44:52] [main/WARN]: Missing sound for event: minecraft:entity.polar_bear.step
[14:44:52] [main/WARN]: Missing sound for event: minecraft:entity.polar_bear.warning
[14:44:52] [main/WARN]: Missing sound for event: minecraft:block.portal.ambient
[14:44:52] [main/WARN]: Missing sound for event: minecraft:block.portal.travel
[14:44:52] [main/WARN]: Missing sound for event: minecraft:block.portal.trigger
[14:44:52] [main/WARN]: Missing sound for event: minecraft:entity.puffer_fish.ambient
[14:44:52] [main/WARN]: Missing sound for event: minecraft:entity.puffer_fish.blow_out
[14:44:52] [main/WARN]: Missing sound for event: minecraft:entity.puffer_fish.blow_up
[14:44:52] [main/WARN]: Missing sound for event: minecraft:entity.puffer_fish.death
[14:44:52] [main/WARN]: Missing sound for event: minecraft:entity.puffer_fish.flop
[14:44:52] [main/WARN]: Missing sound for event: minecraft:entity.puffer_fish.hurt
[14:44:52] [main/WARN]: Missing sound for event: minecraft:entity.puffer_fish.sting
[14:44:52] [main/WARN]: Missing sound for event: minecraft:block.pumpkin.carve
[14:44:52] [main/WARN]: Missing sound for event: minecraft:entity.rabbit.ambient
[14:44:52] [main/WARN]: Missing sound for event: minecraft:entity.rabbit.attack
[14:44:52] [main/WARN]: Missing sound for event: minecraft:entity.rabbit.death
[14:44:52] [main/WARN]: Missing sound for event: minecraft:entity.rabbit.hurt
[14:44:52] [main/WARN]: Missing sound for event: minecraft:entity.rabbit.jump
[14:44:52] [main/WARN]: Missing sound for event: minecraft:event.raid.horn
[14:44:52] [main/WARN]: Missing sound for event: minecraft:entity.ravager.ambient
[14:44:52] [main/WARN]: Missing sound for event: minecraft:entity.ravager.attack
[14:44:52] [main/WARN]: Missing sound for event: minecraft:entity.ravager.celebrate
[14:44:52] [main/WARN]: Missing sound for event: minecraft:entity.ravager.death
[14:44:52] [main/WARN]: Missing sound for event: minecraft:entity.ravager.hurt
[14:44:52] [main/WARN]: Missing sound for event: minecraft:entity.ravager.step
[14:44:52] [main/WARN]: Missing sound for event: minecraft:entity.ravager.stunned
[14:44:52] [main/WARN]: Missing sound for event: minecraft:entity.ravager.roar
[14:44:52] [main/WARN]: Missing sound for event: minecraft:block.nether_gold_ore.break
[14:44:52] [main/WARN]: Missing sound for event: minecraft:block.nether_gold_ore.fall
[14:44:52] [main/WARN]: Missing sound for event: minecraft:block.nether_gold_ore.hit
[14:44:52] [main/WARN]: Missing sound for event: minecraft:block.nether_gold_ore.place
[14:44:52] [main/WARN]: Missing sound for event: minecraft:block.nether_gold_ore.step
[14:44:52] [main/WARN]: Missing sound for event: minecraft:block.nether_ore.break
[14:44:52] [main/WARN]: Missing sound for event: minecraft:block.nether_ore.fall
[14:44:52] [main/WARN]: Missing sound for event: minecraft:block.nether_ore.hit
[14:44:52] [main/WARN]: Missing sound for event: minecraft:block.nether_ore.place
[14:44:52] [main/WARN]: Missing sound for event: minecraft:block.nether_ore.step
[14:44:52] [main/WARN]: Missing sound for event: minecraft:block.redstone_torch.burnout
[14:44:52] [main/WARN]: Missing sound for event: minecraft:block.respawn_anchor.ambient
[14:44:52] [main/WARN]: Missing sound for event: minecraft:block.respawn_anchor.charge
[14:44:52] [main/WARN]: Missing sound for event: minecraft:block.respawn_anchor.deplete
[14:44:52] [main/WARN]: Missing sound for event: minecraft:block.respawn_anchor.set_spawn
[14:44:52] [main/WARN]: Missing sound for event: minecraft:entity.salmon.ambient
[14:44:52] [main/WARN]: Missing sound for event: minecraft:entity.salmon.death
[14:44:52] [main/WARN]: Missing sound for event: minecraft:entity.salmon.flop
[14:44:52] [main/WARN]: Missing sound for event: minecraft:entity.salmon.hurt
[14:44:52] [main/WARN]: Missing sound for event: minecraft:block.sand.break
[14:44:52] [main/WARN]: Missing sound for event: minecraft:block.sand.fall
[14:44:52] [main/WARN]: Missing sound for event: minecraft:block.sand.hit
[14:44:52] [main/WARN]: Missing sound for event: minecraft:block.sand.place
[14:44:52] [main/WARN]: Missing sound for event: minecraft:block.sand.step
[14:44:52] [main/WARN]: Missing sound for event: minecraft:block.scaffolding.break
[14:44:52] [main/WARN]: Missing sound for event: minecraft:block.scaffolding.fall
[14:44:52] [main/WARN]: Missing sound for event: minecraft:block.scaffolding.hit
[14:44:52] [main/WARN]: Missing sound for event: minecraft:block.scaffolding.place
[14:44:52] [main/WARN]: Missing sound for event: minecraft:block.scaffolding.step
[14:44:52] [main/WARN]: Missing sound for event: minecraft:entity.sheep.ambient
[14:44:52] [main/WARN]: Missing sound for event: minecraft:entity.sheep.death
[14:44:52] [main/WARN]: Missing sound for event: minecraft:entity.sheep.hurt
[14:44:52] [main/WARN]: Missing sound for event: minecraft:entity.sheep.shear
[14:44:52] [main/WARN]: Missing sound for event: minecraft:entity.sheep.step
[14:44:52] [main/WARN]: Missing sound for event: minecraft:item.shield.block
[14:44:52] [main/WARN]: Missing sound for event: minecraft:item.shield.break
[14:44:52] [main/WARN]: Missing sound for event: minecraft:block.shroomlight.break
[14:44:52] [main/WARN]: Missing sound for event: minecraft:block.shroomlight.step
[14:44:52] [main/WARN]: Missing sound for event: minecraft:block.shroomlight.place
[14:44:52] [main/WARN]: Missing sound for event: minecraft:block.shroomlight.hit
[14:44:52] [main/WARN]: Missing sound for event: minecraft:block.shroomlight.fall
[14:44:52] [main/WARN]: Missing sound for event: minecraft:item.shovel.flatten
[14:44:52] [main/WARN]: Missing sound for event: minecraft:entity.shulker.ambient
[14:44:52] [main/WARN]: Missing sound for event: minecraft:block.shulker_box.close
[14:44:52] [main/WARN]: Missing sound for event: minecraft:block.shulker_box.open
[14:44:52] [main/WARN]: Missing sound for event: minecraft:entity.shulker_bullet.hit
[14:44:52] [main/WARN]: Missing sound for event: minecraft:entity.shulker_bullet.hurt
[14:44:52] [main/WARN]: Missing sound for event: minecraft:entity.shulker.close
[14:44:52] [main/WARN]: Missing sound for event: minecraft:entity.shulker.death
[14:44:52] [main/WARN]: Missing sound for event: minecraft:entity.shulker.hurt
[14:44:52] [main/WARN]: Missing sound for event: minecraft:entity.shulker.hurt_closed
[14:44:52] [main/WARN]: Missing sound for event: minecraft:entity.shulker.open
[14:44:52] [main/WARN]: Missing sound for event: minecraft:entity.shulker.shoot
[14:44:52] [main/WARN]: Missing sound for event: minecraft:entity.shulker.teleport
[14:44:52] [main/WARN]: Missing sound for event: minecraft:entity.silverfish.ambient
[14:44:52] [main/WARN]: Missing sound for event: minecraft:entity.silverfish.death
[14:44:52] [main/WARN]: Missing sound for event: minecraft:entity.silverfish.hurt
[14:44:52] [main/WARN]: Missing sound for event: minecraft:entity.silverfish.step
[14:44:52] [main/WARN]: Missing sound for event: minecraft:entity.skeleton.ambient
[14:44:52] [main/WARN]: Missing sound for event: minecraft:entity.skeleton.death
[14:44:52] [main/WARN]: Missing sound for event: minecraft:entity.skeleton_horse.ambient
[14:44:52] [main/WARN]: Missing sound for event: minecraft:entity.skeleton_horse.death
[14:44:52] [main/WARN]: Missing sound for event: minecraft:entity.skeleton_horse.hurt
[14:44:52] [main/WARN]: Missing sound for event: minecraft:entity.skeleton_horse.swim
[14:44:52] [main/WARN]: Missing sound for event: minecraft:entity.skeleton_horse.ambient_water
[14:44:52] [main/WARN]: Missing sound for event: minecraft:entity.skeleton_horse.gallop_water
[14:44:52] [main/WARN]: Missing sound for event: minecraft:entity.skeleton_horse.jump_water
[14:44:52] [main/WARN]: Missing sound for event: minecraft:entity.skeleton_horse.step_water
[14:44:52] [main/WARN]: Missing sound for event: minecraft:entity.skeleton.hurt
[14:44:52] [main/WARN]: Missing sound for event: minecraft:entity.skeleton.shoot
[14:44:52] [main/WARN]: Missing sound for event: minecraft:entity.skeleton.step
[14:44:52] [main/WARN]: Missing sound for event: minecraft:entity.slime.attack
[14:44:52] [main/WARN]: Missing sound for event: minecraft:entity.slime.death
[14:44:52] [main/WARN]: Missing sound for event: minecraft:entity.slime.hurt
[14:44:52] [main/WARN]: Missing sound for event: minecraft:entity.slime.jump
[14:44:52] [main/WARN]: Missing sound for event: minecraft:entity.slime.squish
[14:44:52] [main/WARN]: Missing sound for event: minecraft:block.slime_block.break
[14:44:52] [main/WARN]: Missing sound for event: minecraft:block.slime_block.fall
[14:44:52] [main/WARN]: Missing sound for event: minecraft:block.slime_block.hit
[14:44:52] [main/WARN]: Missing sound for event: minecraft:block.slime_block.place
[14:44:52] [main/WARN]: Missing sound for event: minecraft:block.slime_block.step
[14:44:52] [main/WARN]: Missing sound for event: minecraft:block.soul_sand.break
[14:44:52] [main/WARN]: Missing sound for event: minecraft:block.soul_sand.step
[14:44:52] [main/WARN]: Missing sound for event: minecraft:block.soul_sand.place
[14:44:52] [main/WARN]: Missing sound for event: minecraft:block.soul_sand.hit
[14:44:52] [main/WARN]: Missing sound for event: minecraft:block.soul_sand.fall
[14:44:52] [main/WARN]: Missing sound for event: minecraft:block.soul_soil.break
[14:44:52] [main/WARN]: Missing sound for event: minecraft:block.soul_soil.step
[14:44:52] [main/WARN]: Missing sound for event: minecraft:block.soul_soil.place
[14:44:52] [main/WARN]: Missing sound for event: minecraft:block.soul_soil.hit
[14:44:52] [main/WARN]: Missing sound for event: minecraft:block.soul_soil.fall
[14:44:52] [main/WARN]: Missing sound for event: minecraft:particle.soul_escape
[14:44:52] [main/WARN]: Missing sound for event: minecraft:entity.strider.ambient
[14:44:52] [main/WARN]: Missing sound for event: minecraft:entity.strider.happy
[14:44:52] [main/WARN]: Missing sound for event: minecraft:entity.strider.retreat
[14:44:52] [main/WARN]: Missing sound for event: minecraft:entity.strider.death
[14:44:52] [main/WARN]: Missing sound for event: minecraft:entity.strider.hurt
[14:44:52] [main/WARN]: Missing sound for event: minecraft:entity.strider.step
[14:44:52] [main/WARN]: Missing sound for event: minecraft:entity.strider.step_lava
[14:44:52] [main/WARN]: Missing sound for event: minecraft:entity.strider.eat
[14:44:52] [main/WARN]: Missing sound for event: minecraft:entity.strider.saddle
[14:44:52] [main/WARN]: Missing sound for event: minecraft:entity.slime.death_small
[14:44:52] [main/WARN]: Missing sound for event: minecraft:entity.slime.hurt_small
[14:44:52] [main/WARN]: Missing sound for event: minecraft:entity.slime.jump_small
[14:44:52] [main/WARN]: Missing sound for event: minecraft:entity.slime.squish_small
[14:44:52] [main/WARN]: Missing sound for event: minecraft:block.smithing_table.use
[14:44:52] [main/WARN]: Missing sound for event: minecraft:block.smoker.smoke
[14:44:52] [main/WARN]: Missing sound for event: minecraft:entity.snowball.throw
[14:44:52] [main/WARN]: Missing sound for event: minecraft:block.snow.break
[14:44:52] [main/WARN]: Missing sound for event: minecraft:block.snow.fall
[14:44:52] [main/WARN]: Missing sound for event: minecraft:entity.snow_golem.ambient
[14:44:52] [main/WARN]: Missing sound for event: minecraft:entity.snow_golem.death
[14:44:52] [main/WARN]: Missing sound for event: minecraft:entity.snow_golem.hurt
[14:44:52] [main/WARN]: Missing sound for event: minecraft:entity.snow_golem.shoot
[14:44:52] [main/WARN]: Missing sound for event: minecraft:entity.snow_golem.shear
[14:44:52] [main/WARN]: Missing sound for event: minecraft:block.snow.hit
[14:44:52] [main/WARN]: Missing sound for event: minecraft:block.snow.place
[14:44:52] [main/WARN]: Missing sound for event: minecraft:block.snow.step
[14:44:52] [main/WARN]: Missing sound for event: minecraft:entity.spider.ambient
[14:44:52] [main/WARN]: Missing sound for event: minecraft:entity.spider.death
[14:44:52] [main/WARN]: Missing sound for event: minecraft:entity.spider.hurt
[14:44:52] [main/WARN]: Missing sound for event: minecraft:entity.spider.step
[14:44:52] [main/WARN]: Missing sound for event: minecraft:entity.splash_potion.break
[14:44:52] [main/WARN]: Missing sound for event: minecraft:entity.splash_potion.throw
[14:44:52] [main/WARN]: Missing sound for event: minecraft:entity.squid.ambient
[14:44:52] [main/WARN]: Missing sound for event: minecraft:entity.squid.death
[14:44:52] [main/WARN]: Missing sound for event: minecraft:entity.squid.hurt
[14:44:52] [main/WARN]: Missing sound for event: minecraft:entity.squid.squirt
[14:44:52] [main/WARN]: Missing sound for event: minecraft:block.stone.break
[14:44:52] [main/WARN]: Missing sound for event: minecraft:block.stone_button.click_off
[14:44:52] [main/WARN]: Missing sound for event: minecraft:block.stone_button.click_on
[14:44:52] [main/WARN]: Missing sound for event: minecraft:block.stone.fall
[14:44:52] [main/WARN]: Missing sound for event: minecraft:block.stone.hit
[14:44:52] [main/WARN]: Missing sound for event: minecraft:block.stone.place
[14:44:52] [main/WARN]: Missing sound for event: minecraft:block.stone_pressure_plate.click_off
[14:44:52] [main/WARN]: Missing sound for event: minecraft:block.stone_pressure_plate.click_on
[14:44:52] [main/WARN]: Missing sound for event: minecraft:block.stone.step
[14:44:52] [main/WARN]: Missing sound for event: minecraft:entity.stray.ambient
[14:44:52] [main/WARN]: Missing sound for event: minecraft:entity.stray.death
[14:44:52] [main/WARN]: Missing sound for event: minecraft:entity.stray.hurt
[14:44:52] [main/WARN]: Missing sound for event: minecraft:entity.stray.step
[14:44:52] [main/WARN]: Missing sound for event: minecraft:block.sweet_berry_bush.break
[14:44:52] [main/WARN]: Missing sound for event: minecraft:block.sweet_berry_bush.place
[14:44:52] [main/WARN]: Missing sound for event: minecraft:item.sweet_berries.pick_from_bush
[14:44:52] [main/WARN]: Missing sound for event: minecraft:enchant.thorns.hit
[14:44:52] [main/WARN]: Missing sound for event: minecraft:entity.tnt.primed
[14:44:52] [main/WARN]: Missing sound for event: minecraft:item.totem.use
[14:44:52] [main/WARN]: Missing sound for event: minecraft:item.trident.hit
[14:44:52] [main/WARN]: Missing sound for event: minecraft:item.trident.hit_ground
[14:44:52] [main/WARN]: Missing sound for event: minecraft:item.trident.return
[14:44:52] [main/WARN]: Missing sound for event: minecraft:item.trident.riptide_1
[14:44:52] [main/WARN]: Missing sound for event: minecraft:item.trident.riptide_2
[14:44:52] [main/WARN]: Missing sound for event: minecraft:item.trident.riptide_3
[14:44:52] [main/WARN]: Missing sound for event: minecraft:item.trident.throw
[14:44:52] [main/WARN]: Missing sound for event: minecraft:item.trident.thunder
[14:44:52] [main/WARN]: Missing sound for event: minecraft:block.tripwire.attach
[14:44:52] [main/WARN]: Missing sound for event: minecraft:block.tripwire.click_off
[14:44:52] [main/WARN]: Missing sound for event: minecraft:block.tripwire.click_on
[14:44:52] [main/WARN]: Missing sound for event: minecraft:block.tripwire.detach
[14:44:52] [main/WARN]: Missing sound for event: minecraft:entity.tropical_fish.ambient
[14:44:52] [main/WARN]: Missing sound for event: minecraft:entity.tropical_fish.death
[14:44:52] [main/WARN]: Missing sound for event: minecraft:entity.tropical_fish.flop
[14:44:52] [main/WARN]: Missing sound for event: minecraft:entity.tropical_fish.hurt
[14:44:52] [main/WARN]: Missing sound for event: minecraft:entity.turtle.ambient_land
[14:44:52] [main/WARN]: Missing sound for event: minecraft:entity.turtle.death
[14:44:52] [main/WARN]: Missing sound for event: minecraft:entity.turtle.death_baby
[14:44:52] [main/WARN]: Missing sound for event: minecraft:entity.turtle.egg_break
[14:44:52] [main/WARN]: Missing sound for event: minecraft:entity.turtle.egg_crack
[14:44:52] [main/WARN]: Missing sound for event: minecraft:entity.turtle.egg_hatch
[14:44:52] [main/WARN]: Missing sound for event: minecraft:entity.turtle.hurt
[14:44:52] [main/WARN]: Missing sound for event: minecraft:entity.turtle.hurt_baby
[14:44:52] [main/WARN]: Missing sound for event: minecraft:entity.turtle.lay_egg
[14:44:52] [main/WARN]: Missing sound for event: minecraft:entity.turtle.shamble
[14:44:52] [main/WARN]: Missing sound for event: minecraft:entity.turtle.shamble_baby
[14:44:52] [main/WARN]: Missing sound for event: minecraft:entity.turtle.swim
[14:44:52] [main/WARN]: Missing sound for event: minecraft:ui.button.click
[14:44:52] [main/WARN]: Missing sound for event: minecraft:ui.loom.select_pattern
[14:44:52] [main/WARN]: Missing sound for event: minecraft:ui.loom.take_result
[14:44:52] [main/WARN]: Missing sound for event: minecraft:ui.cartography_table.take_result
[14:44:52] [main/WARN]: Missing sound for event: minecraft:ui.stonecutter.take_result
[14:44:52] [main/WARN]: Missing sound for event: minecraft:ui.stonecutter.select_recipe
[14:44:52] [main/WARN]: Missing sound for event: minecraft:ui.toast.challenge_complete
[14:44:52] [main/WARN]: Missing sound for event: minecraft:ui.toast.in
[14:44:52] [main/WARN]: Missing sound for event: minecraft:ui.toast.out
[14:44:52] [main/WARN]: Missing sound for event: minecraft:entity.vex.ambient
[14:44:52] [main/WARN]: Missing sound for event: minecraft:entity.vex.charge
[14:44:52] [main/WARN]: Missing sound for event: minecraft:entity.vex.death
[14:44:52] [main/WARN]: Missing sound for event: minecraft:entity.vex.hurt
[14:44:52] [main/WARN]: Missing sound for event: minecraft:entity.villager.ambient
[14:44:52] [main/WARN]: Missing sound for event: minecraft:entity.villager.celebrate
[14:44:52] [main/WARN]: Missing sound for event: minecraft:entity.villager.death
[14:44:52] [main/WARN]: Missing sound for event: minecraft:entity.villager.hurt
[14:44:52] [main/WARN]: Missing sound for event: minecraft:entity.villager.no
[14:44:52] [main/WARN]: Missing sound for event: minecraft:entity.villager.trade
[14:44:52] [main/WARN]: Missing sound for event: minecraft:entity.villager.yes
[14:44:52] [main/WARN]: Missing sound for event: minecraft:entity.villager.work_armorer
[14:44:52] [main/WARN]: Missing sound for event: minecraft:entity.villager.work_butcher
[14:44:52] [main/WARN]: Missing sound for event: minecraft:entity.villager.work_cartographer
[14:44:52] [main/WARN]: Missing sound for event: minecraft:entity.villager.work_cleric
[14:44:52] [main/WARN]: Missing sound for event: minecraft:entity.villager.work_farmer
[14:44:52] [main/WARN]: Missing sound for event: minecraft:entity.villager.work_fisherman
[14:44:52] [main/WARN]: Missing sound for event: minecraft:entity.villager.work_fletcher
[14:44:52] [main/WARN]: Missing sound for event: minecraft:entity.villager.work_leatherworker
[14:44:52] [main/WARN]: Missing sound for event: minecraft:entity.villager.work_librarian
[14:44:52] [main/WARN]: Missing sound for event: minecraft:entity.villager.work_mason
[14:44:52] [main/WARN]: Missing sound for event: minecraft:entity.villager.work_shepherd
[14:44:52] [main/WARN]: Missing sound for event: minecraft:entity.villager.work_toolsmith
[14:44:52] [main/WARN]: Missing sound for event: minecraft:entity.villager.work_weaponsmith
[14:44:52] [main/WARN]: Missing sound for event: minecraft:entity.vindicator.ambient
[14:44:52] [main/WARN]: Missing sound for event: minecraft:entity.vindicator.celebrate
[14:44:52] [main/WARN]: Missing sound for event: minecraft:entity.vindicator.death
[14:44:52] [main/WARN]: Missing sound for event: minecraft:entity.vindicator.hurt
[14:44:52] [main/WARN]: Missing sound for event: minecraft:block.vine.step
[14:44:52] [main/WARN]: Missing sound for event: minecraft:block.lily_pad.place
[14:44:52] [main/WARN]: Missing sound for event: minecraft:entity.wandering_trader.ambient
[14:44:52] [main/WARN]: Missing sound for event: minecraft:entity.wandering_trader.death
[14:44:52] [main/WARN]: Missing sound for event: minecraft:entity.wandering_trader.disappeared
[14:44:52] [main/WARN]: Missing sound for event: minecraft:entity.wandering_trader.drink_milk
[14:44:52] [main/WARN]: Missing sound for event: minecraft:entity.wandering_trader.drink_potion
[14:44:52] [main/WARN]: Missing sound for event: minecraft:entity.wandering_trader.hurt
[14:44:52] [main/WARN]: Missing sound for event: minecraft:entity.wandering_trader.no
[14:44:52] [main/WARN]: Missing sound for event: minecraft:entity.wandering_trader.reappeared
[14:44:52] [main/WARN]: Missing sound for event: minecraft:entity.wandering_trader.trade
[14:44:52] [main/WARN]: Missing sound for event: minecraft:entity.wandering_trader.yes
[14:44:52] [main/WARN]: Missing sound for event: minecraft:block.water.ambient
[14:44:52] [main/WARN]: Missing sound for event: minecraft:weather.rain
[14:44:52] [main/WARN]: Missing sound for event: minecraft:weather.rain.above
[14:44:52] [main/WARN]: Missing sound for event: minecraft:block.wet_grass.break
[14:44:52] [main/WARN]: Missing sound for event: minecraft:block.wet_grass.fall
[14:44:52] [main/WARN]: Missing sound for event: minecraft:block.wet_grass.hit
[14:44:52] [main/WARN]: Missing sound for event: minecraft:block.wet_grass.place
[14:44:52] [main/WARN]: Missing sound for event: minecraft:block.wet_grass.step
[14:44:52] [main/WARN]: Missing sound for event: minecraft:entity.witch.ambient
[14:44:52] [main/WARN]: Missing sound for event: minecraft:entity.witch.celebrate
[14:44:52] [main/WARN]: Missing sound for event: minecraft:entity.witch.death
[14:44:52] [main/WARN]: Missing sound for event: minecraft:entity.witch.drink
[14:44:52] [main/WARN]: Missing sound for event: minecraft:entity.witch.hurt
[14:44:52] [main/WARN]: Missing sound for event: minecraft:entity.witch.throw
[14:44:52] [main/WARN]: Missing sound for event: minecraft:entity.wither.ambient
[14:44:52] [main/WARN]: Missing sound for event: minecraft:entity.wither.break_block
[14:44:52] [main/WARN]: Missing sound for event: minecraft:entity.wither.death
[14:44:52] [main/WARN]: Missing sound for event: minecraft:entity.wither.hurt
[14:44:52] [main/WARN]: Missing sound for event: minecraft:entity.wither.shoot
[14:44:52] [main/WARN]: Missing sound for event: minecraft:entity.wither_skeleton.ambient
[14:44:52] [main/WARN]: Missing sound for event: minecraft:entity.wither_skeleton.death
[14:44:52] [main/WARN]: Missing sound for event: minecraft:entity.wither_skeleton.hurt
[14:44:52] [main/WARN]: Missing sound for event: minecraft:entity.wither_skeleton.step
[14:44:52] [main/WARN]: Missing sound for event: minecraft:entity.wither.spawn
[14:44:52] [main/WARN]: Missing sound for event: minecraft:entity.wolf.ambient
[14:44:52] [main/WARN]: Missing sound for event: minecraft:entity.wolf.death
[14:44:52] [main/WARN]: Missing sound for event: minecraft:entity.wolf.growl
[14:44:52] [main/WARN]: Missing sound for event: minecraft:entity.wolf.howl
[14:44:52] [main/WARN]: Missing sound for event: minecraft:entity.wolf.hurt
[14:44:52] [main/WARN]: Missing sound for event: minecraft:entity.wolf.pant
[14:44:52] [main/WARN]: Missing sound for event: minecraft:entity.wolf.shake
[14:44:52] [main/WARN]: Missing sound for event: minecraft:entity.wolf.step
[14:44:52] [main/WARN]: Missing sound for event: minecraft:entity.wolf.whine
[14:44:52] [main/WARN]: Missing sound for event: minecraft:block.wooden_door.close
[14:44:52] [main/WARN]: Missing sound for event: minecraft:block.wooden_door.open
[14:44:52] [main/WARN]: Missing sound for event: minecraft:block.wooden_trapdoor.close
[14:44:52] [main/WARN]: Missing sound for event: minecraft:block.wooden_trapdoor.open
[14:44:52] [main/WARN]: Missing sound for event: minecraft:block.wood.break
[14:44:52] [main/WARN]: Missing sound for event: minecraft:block.wooden_button.click_off
[14:44:52] [main/WARN]: Missing sound for event: minecraft:block.wooden_button.click_on
[14:44:52] [main/WARN]: Missing sound for event: minecraft:block.wood.fall
[14:44:52] [main/WARN]: Missing sound for event: minecraft:block.wood.hit
[14:44:52] [main/WARN]: Missing sound for event: minecraft:block.wood.place
[14:44:52] [main/WARN]: Missing sound for event: minecraft:block.wooden_pressure_plate.click_off
[14:44:52] [main/WARN]: Missing sound for event: minecraft:block.wooden_pressure_plate.click_on
[14:44:52] [main/WARN]: Missing sound for event: minecraft:block.wood.step
[14:44:52] [main/WARN]: Missing sound for event: minecraft:block.wool.break
[14:44:52] [main/WARN]: Missing sound for event: minecraft:block.wool.fall
[14:44:52] [main/WARN]: Missing sound for event: minecraft:block.wool.hit
[14:44:52] [main/WARN]: Missing sound for event: minecraft:block.wool.place
[14:44:52] [main/WARN]: Missing sound for event: minecraft:block.wool.step
[14:44:52] [main/WARN]: Missing sound for event: minecraft:entity.zoglin.ambient
[14:44:52] [main/WARN]: Missing sound for event: minecraft:entity.zoglin.angry
[14:44:52] [main/WARN]: Missing sound for event: minecraft:entity.zoglin.attack
[14:44:52] [main/WARN]: Missing sound for event: minecraft:entity.zoglin.death
[14:44:52] [main/WARN]: Missing sound for event: minecraft:entity.zoglin.hurt
[14:44:52] [main/WARN]: Missing sound for event: minecraft:entity.zoglin.step
[14:44:52] [main/WARN]: Missing sound for event: minecraft:entity.zombie.ambient
[14:44:52] [main/WARN]: Missing sound for event: minecraft:entity.zombie.attack_wooden_door
[14:44:52] [main/WARN]: Missing sound for event: minecraft:entity.zombie.attack_iron_door
[14:44:52] [main/WARN]: Missing sound for event: minecraft:entity.zombie.break_wooden_door
[14:44:52] [main/WARN]: Missing sound for event: minecraft:entity.zombie.converted_to_drowned
[14:44:52] [main/WARN]: Missing sound for event: minecraft:entity.zombie.death
[14:44:52] [main/WARN]: Missing sound for event: minecraft:entity.zombie.destroy_egg
[14:44:52] [main/WARN]: Missing sound for event: minecraft:entity.zombie_horse.ambient
[14:44:52] [main/WARN]: Missing sound for event: minecraft:entity.zombie_horse.death
[14:44:52] [main/WARN]: Missing sound for event: minecraft:entity.zombie_horse.hurt
[14:44:52] [main/WARN]: Missing sound for event: minecraft:entity.zombie.hurt
[14:44:52] [main/WARN]: Missing sound for event: minecraft:entity.zombie.infect
[14:44:52] [main/WARN]: Missing sound for event: minecraft:entity.zombified_piglin.ambient
[14:44:52] [main/WARN]: Missing sound for event: minecraft:entity.zombified_piglin.angry
[14:44:52] [main/WARN]: Missing sound for event: minecraft:entity.zombified_piglin.death
[14:44:52] [main/WARN]: Missing sound for event: minecraft:entity.zombified_piglin.hurt
[14:44:52] [main/WARN]: Missing sound for event: minecraft:entity.zombie.step
[14:44:52] [main/WARN]: Missing sound for event: minecraft:entity.zombie_villager.ambient
[14:44:52] [main/WARN]: Missing sound for event: minecraft:entity.zombie_villager.converted
[14:44:52] [main/WARN]: Missing sound for event: minecraft:entity.zombie_villager.cure
[14:44:52] [main/WARN]: Missing sound for event: minecraft:entity.zombie_villager.death
[14:44:52] [main/WARN]: Missing sound for event: minecraft:entity.zombie_villager.hurt
[14:44:52] [main/WARN]: Missing sound for event: minecraft:entity.zombie_villager.step
[14:44:52] [main/INFO]: OpenAL initialized.
[14:44:52] [main/INFO]: Sound engine started
[14:44:52] [main/INFO]: Created: 1024x512x4 minecraft:textures/atlas/blocks.png-atlas
[14:44:52] [main/INFO]: [OptiFine] Animated sprites: 43
[14:44:52] [main/INFO]: Created: 256x128x4 minecraft:textures/atlas/signs.png-atlas
[14:44:52] [main/INFO]: [OptiFine] Animated sprites: 0
[14:44:52] [main/INFO]: Created: 512x512x4 minecraft:textures/atlas/banner_patterns.png-atlas
[14:44:52] [main/INFO]: [OptiFine] Animated sprites: 0
[14:44:52] [main/INFO]: Created: 512x512x4 minecraft:textures/atlas/shield_patterns.png-atlas
[14:44:52] [main/INFO]: [OptiFine] Animated sprites: 0
[14:44:52] [main/INFO]: Created: 256x256x4 minecraft:textures/atlas/chest.png-atlas
[14:44:52] [main/INFO]: [OptiFine] Animated sprites: 0
[14:44:52] [main/INFO]: Created: 512x256x4 minecraft:textures/atlas/beds.png-atlas
[14:44:52] [main/INFO]: [OptiFine] Animated sprites: 0
[14:44:52] [main/INFO]: Created: 512x256x4 minecraft:textures/atlas/shulker_boxes.png-atlas
[14:44:52] [main/INFO]: [OptiFine] Animated sprites: 0
[14:44:52] [main/INFO]: Created: 256x256x0 minecraft:textures/atlas/particles.png-atlas
[14:44:52] [main/INFO]: [OptiFine] Animated sprites: 0
[14:44:52] [main/INFO]: Created: 256x256x0 minecraft:textures/atlas/paintings.png-atlas
[14:44:52] [main/INFO]: [OptiFine] Animated sprites: 0
[14:44:52] [main/INFO]: Created: 128x128x0 minecraft:textures/atlas/mob_effects.png-atlas
[14:44:52] [main/INFO]: [OptiFine] Animated sprites: 0
[14:44:52] [main/INFO]: [OptiFine] *** Reloading custom textures ***
[14:44:54] [main/INFO]: [OptiFine] Disable Forge light pipeline
[14:45:12] [main/ERROR]: Can't ping mc.metahvh.space: Internal Exception: java.net.SocketException: Connection reset
[14:45:18] [main/INFO]: Connecting to mc.metahvh.space, 25565
[14:45:19] [main/INFO]: [CHAT] Сессия сохранена, ввод пароля не требуется.
[14:45:19] [main/INFO]: Environment: authHost='https://authserver.mojang.com', accountsHost='https://api.mojang.com', sessionHost='https://sessionserver.mojang.com', servicesHost='https://api.minecraftservices.com', name='PROD'
[14:45:19] [main/INFO]: [STDOUT]: Baritone world data dir: .\baritone\mc.metahvh.space
[14:45:19] [main/INFO]: [STDOUT]: Cached world directory: .\baritone\mc.metahvh.space\cache
[14:45:19] [main/INFO]: [STDOUT]: Would save waypoints to .\baritone\mc.metahvh.space\waypoints
[14:45:20] [main/INFO]: [STDOUT]: Received packet on channel: minecraft:register
[14:45:20] [main/WARN]: Unknown custom packed identifier: minecraft:register
[14:45:20] [main/INFO]: [STDOUT]: Received packet on channel: minecraft:brand
[14:45:20] [main/INFO]: [STDOUT]: Received packet on channel: minecraft:register
[14:45:20] [main/WARN]: Unknown custom packed identifier: minecraft:register
[14:45:20] [main/INFO]: [STDOUT]: Received packet on channel: minecraft:brand
[14:45:20] [main/INFO]: Loaded 2 advancements
[14:45:20] [pool-11-thread-1/INFO]: [STDOUT]: Loading region 0,0 from disk .\baritone\mc.metahvh.space\cache
[14:45:20] [pool-11-thread-1/INFO]: [STDOUT]: Loaded region successfully in 63ms
[14:45:20] [pool-11-thread-1/INFO]: [STDOUT]: Loading region -1,0 from disk .\baritone\mc.metahvh.space\cache
[14:45:20] [pool-11-thread-1/INFO]: [STDOUT]: Loaded region successfully in 27ms
[14:45:20] [pool-11-thread-1/INFO]: [STDOUT]: Loading region 0,-1 from disk .\baritone\mc.metahvh.space\cache
[14:45:20] [pool-11-thread-1/INFO]: [STDOUT]: Loaded region successfully in 24ms
[14:45:20] [pool-11-thread-1/INFO]: [STDOUT]: Loading region -1,-1 from disk .\baritone\mc.metahvh.space\cache
[14:45:20] [pool-11-thread-1/INFO]: [STDOUT]: Loaded region successfully in 29ms
[14:45:20] [main/INFO]: [STDERR]: java.io.FileNotFoundException: Shader file not found: assets/minecraft/hynix/shaders/rounded_outline.glsl
[14:45:20] [main/INFO]: [STDERR]: 	at su.hynix.utils.render.shader.ShaderUtil.loadShaderFromFile(ShaderUtil.java:128)
[14:45:20] [main/INFO]: [STDERR]: 	at su.hynix.utils.render.shader.ShaderUtil.createShaderFromFile(ShaderUtil.java:111)
[14:45:20] [main/INFO]: [STDERR]: 	at su.hynix.utils.render.shader.ShaderUtil.<init>(ShaderUtil.java:36)
[14:45:20] [main/INFO]: [STDERR]: 	at su.hynix.utils.render.shader.ShaderUtil.<clinit>(ShaderUtil.java:28)
[14:45:20] [main/INFO]: [STDERR]: 	at su.hynix.utils.render.shader.KawaseBlur.updateBlur(KawaseBlur.java:24)
[14:45:20] [main/INFO]: [STDERR]: 	at net.minecraft.client.gui.IngameGui.renderIngameGui(IngameGui.java:173)
[14:45:20] [main/INFO]: [STDERR]: 	at net.minecraft.client.renderer.GameRenderer.updateCameraAndRender(GameRenderer.java:687)
[14:45:20] [main/INFO]: [STDERR]: 	at net.minecraft.client.Minecraft.runGameLoop(Minecraft.java:982)
[14:45:20] [main/INFO]: [STDERR]: 	at net.minecraft.client.Minecraft.run(Minecraft.java:542)
[14:45:20] [main/INFO]: [STDERR]: 	at net.minecraft.client.main.Main.main(Main.java:214)
[14:45:20] [main/INFO]: [STDERR]: 	at Start.main(Start.java:8)
[14:45:20] [main/INFO]: [STDOUT]: Ошибка при загрузке шейдера: rounded_outline
[14:45:29] [main/INFO]: [CHAT] Hey! Sorry, but you can't PvP here.
[14:45:29] [main/INFO]: [CHAT] Hey! Sorry, but you can't PvP here.
[14:45:31] [main/INFO]: [CHAT] Hey! Sorry, but you can't PvP here.
[14:45:34] [main/INFO]: [CHAT] Hey! Sorry, but you can't use that here.
[14:45:42] [main/INFO]: Environment: authHost='https://authserver.mojang.com', accountsHost='https://api.mojang.com', sessionHost='https://sessionserver.mojang.com', servicesHost='https://api.minecraftservices.com', name='PROD'
[14:45:42] [pool-11-thread-3/INFO]: [STDOUT]: Started saving the world in a new thread
[14:45:42] [main/INFO]: [STDOUT]: Baritone world data dir: .\baritone\mc.metahvh.space\dimensions\minecraft\lobby
[14:45:42] [main/INFO]: [STDOUT]: Cached world directory: .\baritone\mc.metahvh.space\dimensions\minecraft\lobby\cache
[14:45:42] [main/INFO]: [STDOUT]: Would save waypoints to .\baritone\mc.metahvh.space\dimensions\minecraft\lobby\waypoints
[14:45:42] [pool-11-thread-3/INFO]: [STDOUT]: Saving region -1,0 to disk .\baritone\mc.metahvh.space\cache
[14:45:42] [ForkJoinPool.commonPool-worker-1/INFO]: [STDOUT]: Saving region 0,-1 to disk .\baritone\mc.metahvh.space\cache
[14:45:42] [ForkJoinPool.commonPool-worker-3/INFO]: [STDOUT]: Saving region 0,0 to disk .\baritone\mc.metahvh.space\cache
[14:45:42] [ForkJoinPool.commonPool-worker-2/INFO]: [STDOUT]: Saving region -1,-1 to disk .\baritone\mc.metahvh.space\cache
[14:45:42] [main/INFO]: Environment: authHost='https://authserver.mojang.com', accountsHost='https://api.mojang.com', sessionHost='https://sessionserver.mojang.com', servicesHost='https://api.minecraftservices.com', name='PROD'
[14:45:42] [pool-11-thread-6/INFO]: [STDOUT]: Started saving the world in a new thread
[14:45:42] [pool-11-thread-6/INFO]: [STDOUT]: World save took 0ms
[14:45:42] [pool-11-thread-6/INFO]: [STDOUT]: mc.world loaded unnoticed! Loading Baritone cache now.
[14:45:42] [main/INFO]: [STDOUT]: Baritone world data dir: .\baritone\mc.metahvh.space\dimensions\minecraft\lobby
[14:45:42] [pool-11-thread-6/INFO]: [STDOUT]: Baritone world data dir: .\baritone\mc.metahvh.space\dimensions\minecraft\lobby
[14:45:42] [pool-11-thread-3/INFO]: [STDOUT]: Saved region successfully
[14:45:42] [ForkJoinPool.commonPool-worker-2/INFO]: [STDOUT]: Saved region successfully
[14:45:42] [ForkJoinPool.commonPool-worker-3/INFO]: [STDOUT]: Saved region successfully
[14:45:42] [ForkJoinPool.commonPool-worker-1/INFO]: [STDOUT]: Saved region successfully
[14:45:42] [pool-11-thread-3/INFO]: [STDOUT]: World save took 53ms
[14:45:42] [main/INFO]: [STDOUT]: Received packet on channel: minecraft:register
[14:45:42] [main/WARN]: Unknown custom packed identifier: minecraft:register
[14:45:42] [main/INFO]: [STDOUT]: Received packet on channel: minecraft:brand
[14:45:43] [pool-11-thread-4/INFO]: [STDOUT]: Loading region -1,0 from disk .\baritone\mc.metahvh.space\dimensions\minecraft\lobby\cache
[14:45:43] [main/INFO]: Loaded 31 advancements
[14:45:43] [pool-11-thread-4/INFO]: [STDOUT]: Loaded region successfully in 37ms
[14:45:43] [pool-11-thread-4/INFO]: [STDOUT]: Loading region -1,-1 from disk .\baritone\mc.metahvh.space\dimensions\minecraft\lobby\cache
[14:45:43] [pool-11-thread-4/INFO]: [STDOUT]: Loaded region successfully in 35ms
[14:45:43] [pool-11-thread-4/INFO]: [STDOUT]: Loading region 0,0 from disk .\baritone\mc.metahvh.space\dimensions\minecraft\lobby\cache
[14:45:43] [pool-11-thread-4/INFO]: [STDOUT]: Loaded region successfully in 28ms
[14:45:43] [pool-11-thread-4/INFO]: [STDOUT]: Loading region 0,-1 from disk .\baritone\mc.metahvh.space\dimensions\minecraft\lobby\cache
[14:45:43] [pool-11-thread-4/INFO]: [STDOUT]: Loaded region successfully in 30ms
[14:45:43] [main/INFO]: [CHAT] Дуэли » Игрок legendsVaipa победил игрока shinrytrial
[14:45:44] [main/INFO]: [CHAT] Дуэли » Игрок venom445451 победил игрока ngngngng434
[14:45:49] [pool-11-thread-2/INFO]: [STDOUT]: World save took 1ms
[14:45:51] [main/INFO]: [CHAT] Дуэли » Игрок hikka764 победил игрока 4444234fdgsdd
[14:45:52] [main/INFO]: [CHAT] ▣ | ᴘʟᴀʏᴇʀ hikka764 ᴍᴇᴛᴀ » -4444234fdgsdd в следующий раз мб убьешь лошок
[14:45:54] [main/INFO]: [CHAT] ▣ | ɢʟᴀᴅɪᴀᴛᴏʀ poprygun_1488 жди доᴋᴄ » -gandoddd сак май дик
[14:45:54] [main/INFO]: [CHAT] Дуэли » Вы вступили в очередь с набором OP2.
[14:45:56] [main/INFO]: [CHAT] Дуэли » Противник найден: ar1us! Начинается бой с набором OP2
[14:45:56] [main/INFO]: [CHAT] Начало через 5 Секунд!
[14:45:56] [main/INFO]: Environment: authHost='https://authserver.mojang.com', accountsHost='https://api.mojang.com', sessionHost='https://sessionserver.mojang.com', servicesHost='https://api.minecraftservices.com', name='PROD'
[14:45:56] [pool-11-thread-3/INFO]: [STDOUT]: Started saving the world in a new thread
[14:45:56] [pool-11-thread-3/INFO]: [STDOUT]: Saving region -1,0 to disk .\baritone\mc.metahvh.space\dimensions\minecraft\lobby\cache
[14:45:56] [ForkJoinPool.commonPool-worker-3/INFO]: [STDOUT]: Saving region 0,-1 to disk .\baritone\mc.metahvh.space\dimensions\minecraft\lobby\cache
[14:45:56] [ForkJoinPool.commonPool-worker-2/INFO]: [STDOUT]: Saving region 0,0 to disk .\baritone\mc.metahvh.space\dimensions\minecraft\lobby\cache
[14:45:56] [ForkJoinPool.commonPool-worker-1/INFO]: [STDOUT]: Saving region -1,-1 to disk .\baritone\mc.metahvh.space\dimensions\minecraft\lobby\cache
[14:45:56] [main/INFO]: [STDOUT]: Baritone world data dir: .\baritone\mc.metahvh.space\dimensions\minecraft\empty
[14:45:56] [main/INFO]: [STDOUT]: Cached world directory: .\baritone\mc.metahvh.space\dimensions\minecraft\empty\cache
[14:45:56] [main/INFO]: [STDOUT]: Would save waypoints to .\baritone\mc.metahvh.space\dimensions\minecraft\empty\waypoints
[14:45:56] [pool-11-thread-6/INFO]: [STDOUT]: Loading region 1,0 from disk .\baritone\mc.metahvh.space\dimensions\minecraft\empty\cache
[14:45:56] [ForkJoinPool.commonPool-worker-3/INFO]: [STDOUT]: Saved region successfully
[14:45:56] [ForkJoinPool.commonPool-worker-1/INFO]: [STDOUT]: Saved region successfully
[14:45:56] [ForkJoinPool.commonPool-worker-2/INFO]: [STDOUT]: Saved region successfully
[14:45:56] [pool-11-thread-3/INFO]: [STDOUT]: Saved region successfully
[14:45:56] [pool-11-thread-3/INFO]: [STDOUT]: World save took 43ms
[14:45:56] [pool-11-thread-6/INFO]: [STDOUT]: Loaded region successfully in 63ms
[14:45:56] [pool-11-thread-6/INFO]: [STDOUT]: Loading region 0,0 from disk .\baritone\mc.metahvh.space\dimensions\minecraft\empty\cache
[14:45:56] [pool-11-thread-6/INFO]: [STDOUT]: Loaded region successfully in 296ms
[14:45:57] [main/INFO]: [CHAT] [۞] В этом мире запрещено летать.
[14:45:57] [main/INFO]: [CHAT] Начало через 4 Секунды!
[14:45:58] [main/INFO]: [CHAT] Начало через 3 Секунды!
[14:45:59] [main/INFO]: [CHAT] Начало через 2 Секунды!
[14:46:00] [main/INFO]: [CHAT] Начало через 1 Секунду!
[14:46:01] [pool-11-thread-6/INFO]: [STDOUT]: Loading region 1,1 from disk .\baritone\mc.metahvh.space\dimensions\minecraft\empty\cache
[14:46:01] [pool-11-thread-6/INFO]: [STDOUT]: Loaded region successfully in 8ms
[14:46:02] [pool-11-thread-6/INFO]: [STDOUT]: Loading region 0,1 from disk .\baritone\mc.metahvh.space\dimensions\minecraft\empty\cache
[14:46:02] [pool-11-thread-6/INFO]: [STDOUT]: Loaded region successfully in 63ms
[14:46:05] [main/INFO]: [CHAT] Дуэли » Игрок DePorVida победил игрока hionsij
[14:46:08] [main/INFO]: [CHAT] АнтиРелог » Вы вошли в PVP режим. За выход с сервера - смерть
[14:46:10] [main/INFO]: [CHAT] ꐁ
[14:46:10] [main/INFO]: [CHAT] ꐁ Хотите быть в курсе всех обновлений MetaHvH?
[14:46:10] [main/INFO]: [CHAT] ꐁ Тогда заходите в наш дискорд сервер: dsc.gg/metahvhs
[14:46:10] [main/INFO]: [CHAT] ꐀ
[14:46:10] [main/INFO]: [CHAT] Дуэли » Игрок PrivateFungetx победил игрока shinrytrial
[14:46:11] [main/INFO]: [CHAT] Вы убили игрока ar1us, Вы получили: 5 рублей
[14:46:11] [main/INFO]: [CHAT] Дуэли » Игрок ioeewp21 победил игрока ar1us
[14:46:11] [main/INFO]: [CHAT] Инвентари (нажмите на имя для просмотра): ioeewp21, ar1us
[14:46:12] [pool-11-thread-5/INFO]: [STDOUT]: World save took 0ms
[14:46:16] [main/INFO]: [CHAT] ▣ | ɢᴏᴅ Stalker0504 ɴᴜʀꜱᴜʟᴛᴀɴ »  BuLocHka1234 /dogon
[14:46:16] [main/INFO]: Environment: authHost='https://authserver.mojang.com', accountsHost='https://api.mojang.com', sessionHost='https://sessionserver.mojang.com', servicesHost='https://api.minecraftservices.com', name='PROD'
[14:46:16] [pool-11-thread-3/INFO]: [STDOUT]: Started saving the world in a new thread
[14:46:16] [pool-11-thread-3/INFO]: [STDOUT]: Saving region 1,0 to disk .\baritone\mc.metahvh.space\dimensions\minecraft\empty\cache
[14:46:16] [ForkJoinPool.commonPool-worker-1/INFO]: [STDOUT]: Saving region 0,0 to disk .\baritone\mc.metahvh.space\dimensions\minecraft\empty\cache
[14:46:16] [ForkJoinPool.commonPool-worker-2/INFO]: [STDOUT]: Saving region 0,1 to disk .\baritone\mc.metahvh.space\dimensions\minecraft\empty\cache
[14:46:16] [ForkJoinPool.commonPool-worker-3/INFO]: [STDOUT]: Saving region 1,1 to disk .\baritone\mc.metahvh.space\dimensions\minecraft\empty\cache
[14:46:16] [main/INFO]: [STDOUT]: Baritone world data dir: .\baritone\mc.metahvh.space\dimensions\minecraft\lobby
[14:46:16] [ForkJoinPool.commonPool-worker-3/INFO]: [STDOUT]: Saved region successfully
[14:46:17] [pool-11-thread-3/INFO]: [STDOUT]: Saved region successfully
[14:46:17] [ForkJoinPool.commonPool-worker-2/INFO]: [STDOUT]: Saved region successfully
[14:46:17] [ForkJoinPool.commonPool-worker-1/INFO]: [STDOUT]: Saved region successfully
[14:46:17] [pool-11-thread-3/INFO]: [STDOUT]: World save took 185ms
[14:46:19] [main/INFO]: [CHAT] Дуэли » Игрок gfhdfh победил игрока veulovansoft
[14:46:23] [main/INFO]: [CHAT] Дуэли » Вы вступили в очередь с набором OP2.
[14:46:25] [main/INFO]: [CHAT] 
[14:46:25] [main/INFO]: [CHAT] Дуэли » Игрок hikka764 победил игрока legendsVaipa
[14:46:26] [pool-11-thread-7/INFO]: [STDOUT]: World save took 0ms
[14:46:29] [main/INFO]: [CHAT] Hey! Sorry, but you can't PvP here.
[14:46:29] [main/INFO]: [CHAT] Hey! Sorry, but you can't PvP here.
[14:46:29] [main/INFO]: [CHAT] ▣ | ᴍᴀꜱᴛᴇʀ BuLocHka1234 VegaLine » ебанат
[14:46:30] [main/INFO]: [CHAT] Hey! Sorry, but you can't PvP here.
[14:46:31] [main/INFO]: [CHAT] Hey! Sorry, but you can't PvP here.
[14:46:32] [main/INFO]: [CHAT] Дуэли » Противник найден: ar1us! Начинается бой с набором OP2
[14:46:32] [main/INFO]: [CHAT] Начало через 5 Секунд!
[14:46:32] [main/INFO]: Environment: authHost='https://authserver.mojang.com', accountsHost='https://api.mojang.com', sessionHost='https://sessionserver.mojang.com', servicesHost='https://api.minecraftservices.com', name='PROD'
[14:46:32] [pool-11-thread-3/INFO]: [STDOUT]: Started saving the world in a new thread
[14:46:32] [pool-11-thread-3/INFO]: [STDOUT]: Saving region -1,0 to disk .\baritone\mc.metahvh.space\dimensions\minecraft\lobby\cache
[14:46:32] [ForkJoinPool.commonPool-worker-1/INFO]: [STDOUT]: Saving region 0,0 to disk .\baritone\mc.metahvh.space\dimensions\minecraft\lobby\cache
[14:46:32] [ForkJoinPool.commonPool-worker-3/INFO]: [STDOUT]: Saving region 0,-1 to disk .\baritone\mc.metahvh.space\dimensions\minecraft\lobby\cache
[14:46:32] [ForkJoinPool.commonPool-worker-2/INFO]: [STDOUT]: Saving region -1,-1 to disk .\baritone\mc.metahvh.space\dimensions\minecraft\lobby\cache
[14:46:32] [main/INFO]: [STDOUT]: Baritone world data dir: .\baritone\mc.metahvh.space\dimensions\minecraft\empty
[14:46:32] [pool-11-thread-6/INFO]: [STDOUT]: Loading region -1,-2 from disk .\baritone\mc.metahvh.space\dimensions\minecraft\empty\cache
[14:46:32] [pool-11-thread-6/INFO]: [STDOUT]: Loaded region successfully in 10ms
[14:46:32] [ForkJoinPool.commonPool-worker-2/INFO]: [STDOUT]: Saved region successfully
[14:46:32] [ForkJoinPool.commonPool-worker-3/INFO]: [STDOUT]: Saved region successfully
[14:46:32] [pool-11-thread-3/INFO]: [STDOUT]: Saved region successfully
[14:46:32] [ForkJoinPool.commonPool-worker-1/INFO]: [STDOUT]: Saved region successfully
[14:46:32] [pool-11-thread-3/INFO]: [STDOUT]: World save took 45ms
[14:46:33] [main/INFO]: [CHAT] [۞] В этом мире запрещено летать.
[14:46:33] [main/INFO]: [CHAT] Начало через 4 Секунды!
[14:46:33] [main/INFO]: [CHAT] ▣ | ɢᴏᴅ Stalker0504 ɴᴜʀꜱᴜʟᴛᴀɴ »  BuLocHka1234 нахуя ты нападаешь, ты же видишь я стою просто
[14:46:33] [pool-11-thread-6/INFO]: [STDOUT]: Loading region -1,-1 from disk .\baritone\mc.metahvh.space\dimensions\minecraft\empty\cache
[14:46:33] [pool-11-thread-6/INFO]: [STDOUT]: Loaded region successfully in 67ms
[14:46:34] [main/INFO]: [CHAT] Начало через 3 Секунды!
[14:46:35] [main/INFO]: [CHAT] Начало через 2 Секунды!
[14:46:36] [main/INFO]: [CHAT] Начало через 1 Секунду!
[14:46:38] [main/INFO]: [CHAT] АнтиРелог » Вы вошли в PVP режим. За выход с сервера - смерть
[14:46:39] [main/INFO]: [CHAT] ▣ | ɢᴏᴅ Stalker0504 ɴᴜʀꜱᴜʟᴛᴀɴ »  тебе никак не может быть 15
[14:46:43] [main/INFO]: [CHAT] Вы убили игрока ar1us, Вы получили: 10 рублей
[14:46:43] [main/INFO]: [CHAT] Дуэли » Игрок ioeewp21 победил игрока ar1us
[14:46:43] [main/INFO]: [CHAT] Инвентари (нажмите на имя для просмотра): ioeewp21, ar1us
[14:46:46] [main/INFO]: [CHAT] Hey! Sorry, but you can't drop items here.
[14:46:47] [main/INFO]: [CHAT] ▣ | ɢᴏᴅ Stalker0504 ɴᴜʀꜱᴜʟᴛᴀɴ »  пиздвбол мамкин, молоко с губ вытри
[14:46:48] [main/INFO]: Environment: authHost='https://authserver.mojang.com', accountsHost='https://api.mojang.com', sessionHost='https://sessionserver.mojang.com', servicesHost='https://api.minecraftservices.com', name='PROD'
[14:46:48] [pool-11-thread-3/INFO]: [STDOUT]: Started saving the world in a new thread
[14:46:48] [pool-11-thread-3/INFO]: [STDOUT]: Saving region -1,-2 to disk .\baritone\mc.metahvh.space\dimensions\minecraft\empty\cache
[14:46:48] [ForkJoinPool.commonPool-worker-3/INFO]: [STDOUT]: Saving region -1,-1 to disk .\baritone\mc.metahvh.space\dimensions\minecraft\empty\cache
[14:46:48] [main/INFO]: [STDOUT]: Baritone world data dir: .\baritone\mc.metahvh.space\dimensions\minecraft\lobby
[14:46:48] [pool-11-thread-3/INFO]: [STDOUT]: Saved region successfully
[14:46:48] [ForkJoinPool.commonPool-worker-3/INFO]: [STDOUT]: Saved region successfully
[14:46:48] [pool-11-thread-3/INFO]: [STDOUT]: World save took 60ms
[14:46:53] [main/INFO]: [CHAT] ▣ | ᴍᴀꜱᴛᴇʀ BuLocHka1234 VegaLine »  Stalker0504 чтобы ебало не втыкало уебище хули сам 2х1 бьешь с poprygun_1488
[14:46:58] [main/INFO]: [CHAT] Дуэли » Игрок dioshdbasjd победил игрока paul_durov
[14:47:06] [main/INFO]: [CHAT] ▣ | ɢᴏᴅ Stalker0504 ɴᴜʀꜱᴜʟᴛᴀɴ »  я?
[14:47:10] [main/INFO]: [CHAT] Дуэли » Игрок hikka764 победил игрока PrivateFungetx
[14:47:10] [main/INFO]: [CHAT] ▣ | ᴘʟᴀʏᴇʀ hikka764 ᴍᴇᴛᴀ » -PrivateFungetx отлетел от лучшего софтика $hitPa$te Upgrade)
[14:47:13] [main/INFO]: [CHAT] ▣ | ɢᴏᴅ Stalker0504 ɴᴜʀꜱᴜʟᴛᴀɴ »  я сегодня попрыгуна не бил
[14:47:15] [main/INFO]: [CHAT] Дуэли » Игрок gfhdfh победил игрока 13313fege
[14:47:17] [main/INFO]: [CHAT] ▣ | ᴍᴀꜱᴛᴇʀ BuLocHka1234 VegaLine »  Stalker0504 ну по твоему словарному запасу, тебе где то от силы 13-14 лет, никак не 15
[14:47:17] [main/INFO]: [CHAT] ▣ | ɢᴏᴅ Stalker0504 ɴᴜʀꜱᴜʟᴛᴀɴ »  реально даун
[14:47:23] [main/INFO]: [CHAT] ▣ | ɢᴏᴅ Stalker0504 ɴᴜʀꜱᴜʟᴛᴀɴ »  пойдешь в войс?
[14:47:34] [main/INFO]: [CHAT] ▣ | ᴍᴀꜱᴛᴇʀ BuLocHka1234 VegaLine »  Stalker0504 ТЫ БЛЯТЬ ТАКОЙ ДАУН ПРИЧЕМ ТУТ БИЛ ПОПРЫГУНА СУКА
[14:47:38] [main/INFO]: [CHAT] Дуэли » Игрок paul_durov победил игрока PrivateFungetx
[14:47:38] [main/INFO]: [CHAT] ▣ | ᴘʟᴀʏᴇʀ paul_durov » -PrivateFungetx по гороскопу ты вылитый идиот. Или ты по гороскопу неудачник? (L_L)
[14:47:43] [main/INFO]: [CHAT] ▣ | ᴍᴀꜱᴛᴇʀ BuLocHka1234 VegaLine » Пиздец ты сын хуйни тупоголовой
[14:47:44] [main/INFO]: [CHAT] Дуэли » Игрок hikka764 победил игрока 13313fege
[14:47:44] [main/INFO]: [CHAT] ▣ | ᴘʟᴀʏᴇʀ hikka764 ᴍᴇᴛᴀ » -13313fege чет ты слабый какой-то
[14:47:46] [main/INFO]: [CHAT] ▣ | ɢᴏᴅ Stalker0504 ɴᴜʀꜱᴜʟᴛᴀɴ »  пойдешь в войс?
[14:47:47] [main/INFO]: [CHAT] ꐁ
[14:47:47] [main/INFO]: [CHAT] ꐁ Хотите быть в курсе всех обновлений MetaHvH?
[14:47:47] [main/INFO]: [CHAT] ꐁ Тогда подписывайтесь в нашу группу вк: vk.com/metahvh
[14:47:47] [main/INFO]: [CHAT] ꐀ
[14:47:49] [main/INFO]: [CHAT] ▣ | ɢᴏᴅ Stalker0504 ɴᴜʀꜱᴜʟᴛᴀɴ »  пойдешь в войс? BuLocHka1234
[14:47:53] [main/INFO]: [CHAT] Дуэли » Вы вступили в очередь с набором OP2.
[14:47:56] [main/INFO]: [CHAT] Hey! Sorry, but you can't PvP here.
[14:47:56] [main/INFO]: [CHAT] ▣ | ᴍᴀꜱᴛᴇʀ BuLocHka1234 VegaLine » так ты нищь голос поменяешь и всё
[14:47:56] [main/INFO]: [CHAT] Hey! Sorry, but you can't PvP here.
[14:47:58] [main/INFO]: [CHAT] ▣ | ɢᴏᴅ Stalker0504 ɴᴜʀꜱᴜʟᴛᴀɴ »  пойдешь в войс? BuLocHka1234
[14:48:00] [main/INFO]: [CHAT] Дуэли » Противник найден: dioshdbasjd! Начинается бой с набором OP2
[14:48:00] [main/INFO]: [CHAT] Начало через 5 Секунд!
[14:48:00] [main/INFO]: Environment: authHost='https://authserver.mojang.com', accountsHost='https://api.mojang.com', sessionHost='https://sessionserver.mojang.com', servicesHost='https://api.minecraftservices.com', name='PROD'
[14:48:00] [pool-11-thread-8/INFO]: [STDOUT]: Started saving the world in a new thread
[14:48:00] [pool-11-thread-8/INFO]: [STDOUT]: Saving region -1,0 to disk .\baritone\mc.metahvh.space\dimensions\minecraft\lobby\cache
[14:48:00] [ForkJoinPool.commonPool-worker-4/INFO]: [STDOUT]: Saving region -1,-1 to disk .\baritone\mc.metahvh.space\dimensions\minecraft\lobby\cache
[14:48:00] [ForkJoinPool.commonPool-worker-5/INFO]: [STDOUT]: Saving region 0,-1 to disk .\baritone\mc.metahvh.space\dimensions\minecraft\lobby\cache
[14:48:00] [ForkJoinPool.commonPool-worker-2/INFO]: [STDOUT]: Saving region 0,0 to disk .\baritone\mc.metahvh.space\dimensions\minecraft\lobby\cache
[14:48:00] [main/INFO]: [STDOUT]: Baritone world data dir: .\baritone\mc.metahvh.space\dimensions\minecraft\empty
[14:48:00] [pool-11-thread-6/INFO]: [STDOUT]: Loading region 1,0 from disk .\baritone\mc.metahvh.space\dimensions\minecraft\empty\cache
[14:48:00] [pool-11-thread-8/INFO]: [STDOUT]: Saved region successfully
[14:48:00] [ForkJoinPool.commonPool-worker-2/INFO]: [STDOUT]: Saved region successfully
[14:48:00] [ForkJoinPool.commonPool-worker-5/INFO]: [STDOUT]: Saved region successfully
[14:48:00] [ForkJoinPool.commonPool-worker-4/INFO]: [STDOUT]: Saved region successfully
[14:48:00] [pool-11-thread-8/INFO]: [STDOUT]: World save took 22ms
[14:48:00] [pool-11-thread-6/INFO]: [STDOUT]: Loaded region successfully in 32ms
[14:48:01] [main/INFO]: [CHAT] [۞] В этом мире запрещено летать.
[14:48:01] [main/INFO]: [CHAT] Начало через 4 Секунды!
[14:48:01] [pool-11-thread-6/INFO]: [STDOUT]: Loading region 1,1 from disk .\baritone\mc.metahvh.space\dimensions\minecraft\empty\cache
[14:48:01] [pool-11-thread-6/INFO]: [STDOUT]: Loaded region successfully in 9ms
[14:48:02] [main/INFO]: [CHAT] Начало через 3 Секунды!
[14:48:03] [pool-11-thread-6/INFO]: [STDOUT]: Loading region 0,1 from disk .\baritone\mc.metahvh.space\dimensions\minecraft\empty\cache
[14:48:03] [main/INFO]: [CHAT] Начало через 2 Секунды!
[14:48:03] [pool-11-thread-6/INFO]: [STDOUT]: Loaded region successfully in 46ms
[14:48:03] [main/INFO]: [CHAT] ▣ | ᴍᴀꜱᴛᴇʀ BuLocHka1234 VegaLine » так же дауны делают
[14:48:03] [main/INFO]: [CHAT] ▣ | ɢᴏᴅ Stalker0504 ɴᴜʀꜱᴜʟᴛᴀɴ »  че ты боишься
[14:48:04] [main/INFO]: [CHAT] Начало через 1 Секунду!
[14:48:08] [main/INFO]: [CHAT] ▣ | ɢᴏᴅ Stalker0504 ɴᴜʀꜱᴜʟᴛᴀɴ »  я не меняю голос
[14:48:12] [main/INFO]: [CHAT] ꐁ
[14:48:12] [main/INFO]: [CHAT] ꐁ Купить донатик на лучшем сервере MetaHvH
[14:48:12] [main/INFO]: [CHAT] ꐁ Можно по ссылке - shop.MetaHvH.space
[14:48:12] [main/INFO]: [CHAT] ꐀ
[14:48:12] [main/INFO]: [CHAT] АнтиРелог » Вы вошли в PVP режим. За выход с сервера - смерть
[14:48:13] [main/INFO]: [CHAT] ▣ | ɢᴏᴅ Stalker0504 ɴᴜʀꜱᴜʟᴛᴀɴ »  проститука пошли
[14:48:15] [main/INFO]: [CHAT] ▣ | ᴍᴀꜱᴛᴇʀ BuLocHka1234 VegaLine »  Stalker0504 если голос не будешь менять то пойду
[14:48:20] [main/INFO]: [CHAT] ▣ | ɢᴏᴅ Stalker0504 ɴᴜʀꜱᴜʟᴛᴀɴ »  пошли
[14:48:20] [main/INFO]: [CHAT] Вы убили игрока dioshdbasjd, Вы получили: 7 рублей
[14:48:20] [main/INFO]: [CHAT] Дуэли » Игрок ioeewp21 победил игрока dioshdbasjd
[14:48:20] [main/INFO]: [CHAT] Инвентари (нажмите на имя для просмотра): dioshdbasjd, ioeewp21
[14:48:23] [main/INFO]: [CHAT] ▣ | ɢᴏᴅ Stalker0504 ɴᴜʀꜱᴜʟᴛᴀɴ »  звони
[14:48:25] [main/INFO]: [CHAT] ▣ | ᴍᴀꜱᴛᴇʀ BuLocHka1234 VegaLine » напиши в дс
[14:48:25] [main/INFO]: Environment: authHost='https://authserver.mojang.com', accountsHost='https://api.mojang.com', sessionHost='https://sessionserver.mojang.com', servicesHost='https://api.minecraftservices.com', name='PROD'
[14:48:25] [pool-11-thread-8/INFO]: [STDOUT]: Started saving the world in a new thread
[14:48:25] [pool-11-thread-8/INFO]: [STDOUT]: Saving region 1,0 to disk .\baritone\mc.metahvh.space\dimensions\minecraft\empty\cache
[14:48:25] [ForkJoinPool.commonPool-worker-2/INFO]: [STDOUT]: Saving region 1,1 to disk .\baritone\mc.metahvh.space\dimensions\minecraft\empty\cache
[14:48:25] [ForkJoinPool.commonPool-worker-5/INFO]: [STDOUT]: Saving region 0,0 to disk .\baritone\mc.metahvh.space\dimensions\minecraft\empty\cache
[14:48:25] [ForkJoinPool.commonPool-worker-4/INFO]: [STDOUT]: Saving region 0,1 to disk .\baritone\mc.metahvh.space\dimensions\minecraft\empty\cache
[14:48:25] [main/INFO]: [STDOUT]: Baritone world data dir: .\baritone\mc.metahvh.space\dimensions\minecraft\lobby
[14:48:25] [ForkJoinPool.commonPool-worker-2/INFO]: [STDOUT]: Saved region successfully
[14:48:25] [pool-11-thread-8/INFO]: [STDOUT]: Saved region successfully
[14:48:25] [ForkJoinPool.commonPool-worker-4/INFO]: [STDOUT]: Saved region successfully
[14:48:25] [ForkJoinPool.commonPool-worker-5/INFO]: [STDOUT]: Saved region successfully
[14:48:25] [pool-11-thread-8/INFO]: [STDOUT]: World save took 153ms
[14:48:29] [main/INFO]: [CHAT] Дуэли » Игрок MartusVEL победил игрока 4444234fdgsdd
[14:48:29] [main/INFO]: [CHAT] ▣ | ᴄʜᴀᴍᴘɪᴏɴ MartusVEL VegaLine » - 4444234fdgsdd сосать твое все
[14:48:29] [main/INFO]: [CHAT] Дуэли » Вы вступили в очередь с набором OP2.
[14:48:33] [main/INFO]: [CHAT] Дуэли » Вы вышли из очереди.
[14:48:34] [main/INFO]: [CHAT] ▣ | ɢᴏᴅ Stalker0504 ɴᴜʀꜱᴜʟᴛᴀɴ »  я ебу твой дс?
[14:48:35] [main/INFO]: [CHAT] Дуэли » Игрок gfhdfh победил игрока PrivateFungetx
[14:48:38] [main/INFO]: [CHAT] ꐁ
[14:48:38] [main/INFO]: [CHAT] ꐁ Мы открыли свой чит-клиент специально под MetaHvH
[14:48:38] [main/INFO]: [CHAT] ꐁ Заходите к нам в дискорд сервер: dsc.gg/metaclients
[14:48:38] [main/INFO]: [CHAT] ꐀ
[14:48:39] [main/INFO]: [CHAT] ▣ | ᴘʟᴀʏᴇʀ gandoddd » FCYrI нассал на труп veulovanSoft zYY34
[14:48:44] [main/INFO]: [CHAT] ▣ | ɢᴏᴅ Stalker0504 ɴᴜʀꜱᴜʟᴛᴀɴ »  ты говорил у тебя есть мой
[14:48:47] [main/INFO]: [CHAT] Дуэли » Игрок hikka764 победил игрока legendsVaipa
[14:48:48] [main/INFO]: [CHAT] ▣ | ɢᴏᴅ Stalker0504 ɴᴜʀꜱᴜʟᴛᴀɴ »  напиши
[14:48:50] [main/INFO]: [CHAT] Hey! Sorry, but you can't PvP here.
[14:48:54] [main/INFO]: [CHAT] Hey! Sorry, but you can't PvP here.
[14:48:59] [main/INFO]: [CHAT] ▣ | ᴘʟᴀʏᴇʀ hikka764 ᴍᴇᴛᴀ » можно с вами в войс?
[14:49:02] [main/INFO]: [CHAT] ▣ | ᴍᴀꜱᴛᴇʀ BuLocHka1234 VegaLine »  у меня дохуище чатов, среди них тебя не могу найти
[14:49:04] [main/INFO]: [CHAT] ▣ | ɢʟᴀᴅɪᴀᴛᴏʀ poprygun_1488 жди доᴋᴄ » губка на gandoddd впитала каждый мой крит
[14:49:19] [main/INFO]: [CHAT] Дуэли » Игрок NGnLRWq победил игрока legendsVaipa
[14:49:19] [main/INFO]: [CHAT] ▣ | ᴘʟᴀʏᴇʀ ioeewp21 » Hynix Free bustit!
[14:49:24] [main/INFO]: [CHAT] ▣ | ᴘʟᴀʏᴇʀ hikka764 ᴍᴇᴛᴀ » можно с вами в войс?
[14:49:25] [main/INFO]: [CHAT] Дуэли » Вы вступили в очередь с набором OP2.
[14:49:26] [main/INFO]: [CHAT] Дуэли » Противник найден: legendsVaipa! Начинается бой с набором OP2
[14:49:26] [main/INFO]: [CHAT] Начало через 5 Секунд!
[14:49:26] [main/INFO]: Environment: authHost='https://authserver.mojang.com', accountsHost='https://api.mojang.com', sessionHost='https://sessionserver.mojang.com', servicesHost='https://api.minecraftservices.com', name='PROD'
[14:49:26] [pool-11-thread-9/INFO]: [STDOUT]: Started saving the world in a new thread
[14:49:26] [pool-11-thread-9/INFO]: [STDOUT]: Saving region -1,0 to disk .\baritone\mc.metahvh.space\dimensions\minecraft\lobby\cache
[14:49:26] [ForkJoinPool.commonPool-worker-2/INFO]: [STDOUT]: Saving region -1,-1 to disk .\baritone\mc.metahvh.space\dimensions\minecraft\lobby\cache
[14:49:26] [ForkJoinPool.commonPool-worker-4/INFO]: [STDOUT]: Saving region 0,-1 to disk .\baritone\mc.metahvh.space\dimensions\minecraft\lobby\cache
[14:49:26] [ForkJoinPool.commonPool-worker-6/INFO]: [STDOUT]: Saving region 0,0 to disk .\baritone\mc.metahvh.space\dimensions\minecraft\lobby\cache
[14:49:26] [main/INFO]: [STDOUT]: Baritone world data dir: .\baritone\mc.metahvh.space\dimensions\minecraft\empty
[14:49:26] [pool-11-thread-6/INFO]: [STDOUT]: Loading region -1,-1 from disk .\baritone\mc.metahvh.space\dimensions\minecraft\empty\cache
[14:49:26] [ForkJoinPool.commonPool-worker-6/INFO]: [STDOUT]: Saved region successfully
[14:49:26] [ForkJoinPool.commonPool-worker-4/INFO]: [STDOUT]: Saved region successfully
[14:49:26] [ForkJoinPool.commonPool-worker-2/INFO]: [STDOUT]: Saved region successfully
[14:49:26] [pool-11-thread-9/INFO]: [STDOUT]: Saved region successfully
[14:49:26] [pool-11-thread-9/INFO]: [STDOUT]: World save took 26ms
[14:49:26] [pool-11-thread-6/INFO]: [STDOUT]: Loaded region successfully in 73ms
[14:49:27] [main/INFO]: [CHAT] [۞] В этом мире запрещено летать.
[14:49:27] [main/INFO]: [CHAT] Начало через 4 Секунды!
[14:49:27] [pool-11-thread-6/INFO]: [STDOUT]: Loading region -1,-2 from disk .\baritone\mc.metahvh.space\dimensions\minecraft\empty\cache
[14:49:27] [pool-11-thread-6/INFO]: [STDOUT]: Loaded region successfully in 68ms
[14:49:28] [main/INFO]: [CHAT] Начало через 3 Секунды!
[14:49:29] [main/INFO]: [CHAT] Начало через 2 Секунды!
[14:49:30] [main/INFO]: [CHAT] Начало через 1 Секунду!
[14:49:34] [main/INFO]: [CHAT] Дуэли » Игрок bazanaxui победил игрока prostoakk229
[14:49:34] [main/INFO]: [CHAT] Дуэли » Игрок paul_durov победил игрока TonicStone44581
[14:49:34] [main/INFO]: [CHAT] ▣ | ᴘʟᴀʏᴇʀ paul_durov » -TonicStone44581 тяжело быть тупиковой ветвью эволюции или уже смирился вечно сосать? ($_$)
[14:49:35] [main/INFO]: [CHAT] АнтиРелог » Вы вошли в PVP режим. За выход с сервера - смерть
[14:49:39] [main/INFO]: [CHAT] ▣ | ɢᴏᴅ Stalker0504 ɴᴜʀꜱᴜʟᴛᴀɴ »  ты говорил у тебя есть мой
[14:49:43] [main/INFO]: [CHAT] Вас убил legendsVaipa, Вы потеряли: 9 рублей
[14:49:43] [main/INFO]: [CHAT] Дуэли » Игрок legendsVaipa победил игрока ioeewp21
[14:49:43] [main/INFO]: [CHAT] Инвентари (нажмите на имя для просмотра): ioeewp21, legendsVaipa
[14:49:43] [main/INFO]: [CHAT] [Baritone] Death position saved.
[14:49:44] [main/INFO]: [CHAT] ▣ | ɢᴏᴅ Stalker0504 ɴᴜʀꜱᴜʟᴛᴀɴ »  ты говорил у тебя есть мой BuLocHka1234 ПИШИ
[14:49:44] [main/INFO]: Environment: authHost='https://authserver.mojang.com', accountsHost='https://api.mojang.com', sessionHost='https://sessionserver.mojang.com', servicesHost='https://api.minecraftservices.com', name='PROD'
[14:49:44] [pool-11-thread-9/INFO]: [STDOUT]: Started saving the world in a new thread
[14:49:44] [pool-11-thread-9/INFO]: [STDOUT]: Saving region -1,-1 to disk .\baritone\mc.metahvh.space\dimensions\minecraft\empty\cache
[14:49:44] [ForkJoinPool.commonPool-worker-6/INFO]: [STDOUT]: Saving region -1,-2 to disk .\baritone\mc.metahvh.space\dimensions\minecraft\empty\cache
[14:49:44] [main/INFO]: [STDOUT]: Baritone world data dir: .\baritone\mc.metahvh.space\dimensions\minecraft\lobby
[14:49:44] [ForkJoinPool.commonPool-worker-6/INFO]: [STDOUT]: Saved region successfully
[14:49:44] [pool-11-thread-9/INFO]: [STDOUT]: Saved region successfully
[14:49:44] [pool-11-thread-9/INFO]: [STDOUT]: World save took 52ms
[14:49:51] [main/INFO]: [CHAT] ▣ | ɢᴏᴅ Stalker0504 ɴᴜʀꜱᴜʟᴛᴀɴ »  ты говорил у тебя есть мой BuLocHka1234 пиши
[14:49:57] [main/INFO]: [CHAT] ▣ | ᴍᴀꜱᴛᴇʀ BuLocHka1234 VegaLine » пиздец ты даун тупой, я тебе говорю у меня чатов дохуя твой не могу найти
[14:50:03] [main/INFO]: [CHAT] ▣ | ᴍᴀꜱᴛᴇʀ BuLocHka1234 VegaLine » слепой уебок ещё
[14:50:08] [main/INFO]: [CHAT] ▣ | ɢᴏᴅ Stalker0504 ɴᴜʀꜱᴜʟᴛᴀɴ »  ahahahahahaha
[14:50:12] [main/INFO]: [CHAT] Дуэли » Игрок 2234231 победил игрока bazanaxui
[14:50:15] [main/INFO]: [CHAT] ▣ | ɢᴏᴅ Stalker0504 ɴᴜʀꜱᴜʟᴛᴀɴ »  сказал у тебя есть
[14:50:16] [main/INFO]: [CHAT] Дуэли » Вы вступили в очередь с набором OP2.
[14:50:17] [main/INFO]: [CHAT] Дуэли » Игрок legendsVaipa победил игрока AttackPrince_
[14:50:17] [main/INFO]: [CHAT] ▣ | ᴍᴀꜱᴛᴇʀ BuLocHka1234 VegaLine » смейся смейся утырок
[14:50:25] [main/INFO]: [CHAT] Hey! Sorry, but you can't PvP here.
[14:50:25] [main/INFO]: [CHAT] ▣ | ɢᴏᴅ Stalker0504 ɴᴜʀꜱᴜʟᴛᴀɴ »  кинь дс
[14:50:26] [main/INFO]: [CHAT] Дуэли » Противник найден: 2234231! Начинается бой с набором OP2
[14:50:26] [main/INFO]: [CHAT] Начало через 5 Секунд!
[14:50:26] [main/INFO]: Environment: authHost='https://authserver.mojang.com', accountsHost='https://api.mojang.com', sessionHost='https://sessionserver.mojang.com', servicesHost='https://api.minecraftservices.com', name='PROD'
[14:50:26] [pool-11-thread-9/INFO]: [STDOUT]: Started saving the world in a new thread
[14:50:26] [pool-11-thread-9/INFO]: [STDOUT]: Saving region -1,0 to disk .\baritone\mc.metahvh.space\dimensions\minecraft\lobby\cache
[14:50:26] [ForkJoinPool.commonPool-worker-6/INFO]: [STDOUT]: Saving region 0,-1 to disk .\baritone\mc.metahvh.space\dimensions\minecraft\lobby\cache
[14:50:26] [ForkJoinPool.commonPool-worker-7/INFO]: [STDOUT]: Saving region -1,-1 to disk .\baritone\mc.metahvh.space\dimensions\minecraft\lobby\cache
[14:50:26] [ForkJoinPool.commonPool-worker-2/INFO]: [STDOUT]: Saving region 0,0 to disk .\baritone\mc.metahvh.space\dimensions\minecraft\lobby\cache
[14:50:26] [main/INFO]: [STDOUT]: Baritone world data dir: .\baritone\mc.metahvh.space\dimensions\minecraft\empty
[14:50:26] [pool-11-thread-6/INFO]: [STDOUT]: Loading region 0,1 from disk .\baritone\mc.metahvh.space\dimensions\minecraft\empty\cache
[14:50:26] [pool-11-thread-9/INFO]: [STDOUT]: Saved region successfully
[14:50:26] [ForkJoinPool.commonPool-worker-6/INFO]: [STDOUT]: Saved region successfully
[14:50:26] [ForkJoinPool.commonPool-worker-2/INFO]: [STDOUT]: Saved region successfully
[14:50:26] [ForkJoinPool.commonPool-worker-7/INFO]: [STDOUT]: Saved region successfully
[14:50:26] [pool-11-thread-9/INFO]: [STDOUT]: World save took 24ms
[14:50:26] [pool-11-thread-6/INFO]: [STDOUT]: Loaded region successfully in 49ms
[14:50:27] [main/INFO]: [CHAT] [۞] В этом мире запрещено летать.
[14:50:27] [main/INFO]: [CHAT] Начало через 4 Секунды!
[14:50:27] [main/INFO]: [CHAT] ▣ | ᴍᴀꜱᴛᴇʀ BuLocHka1234 VegaLine »  Stalker0504 пиздец ты даун
[14:50:28] [main/INFO]: [CHAT] Начало через 3 Секунды!
[14:50:29] [main/INFO]: [CHAT] Начало через 2 Секунды!
[14:50:30] [main/INFO]: [CHAT] Начало через 1 Секунду!
[14:50:31] [main/INFO]: [CHAT] ▣ | ᴍᴀꜱᴛᴇʀ BuLocHka1234 VegaLine » mynameera
[14:50:36] [main/INFO]: [CHAT] ▣ | ɢᴏᴅ Stalker0504 ɴᴜʀꜱᴜʟᴛᴀɴ »  goldenfast123 YT MI7TIKS
[14:50:36] [main/INFO]: [CHAT] АнтиРелог » Вы вошли в PVP режим. За выход с сервера - смерть
[14:50:43] [main/INFO]: [CHAT] Вас убил 2234231, Вы потеряли: 9 рублей
[14:50:43] [main/INFO]: [CHAT] Дуэли » Игрок 2234231 победил игрока ioeewp21
[14:50:43] [main/INFO]: [CHAT] [Baritone] Death position saved.
[14:50:43] [main/INFO]: [CHAT] Инвентари (нажмите на имя для просмотра): 2234231, ioeewp21
[14:50:44] [main/INFO]: Environment: authHost='https://authserver.mojang.com', accountsHost='https://api.mojang.com', sessionHost='https://sessionserver.mojang.com', servicesHost='https://api.minecraftservices.com', name='PROD'
[14:50:44] [pool-11-thread-9/INFO]: [STDOUT]: Started saving the world in a new thread
[14:50:44] [ForkJoinPool.commonPool-worker-7/INFO]: [STDOUT]: Saving region 0,1 to disk .\baritone\mc.metahvh.space\dimensions\minecraft\empty\cache
[14:50:44] [ForkJoinPool.commonPool-worker-2/INFO]: [STDOUT]: Saving region 0,0 to disk .\baritone\mc.metahvh.space\dimensions\minecraft\empty\cache
[14:50:44] [main/INFO]: [STDOUT]: Baritone world data dir: .\baritone\mc.metahvh.space\dimensions\minecraft\lobby
[14:50:44] [ForkJoinPool.commonPool-worker-7/INFO]: [STDOUT]: Saved region successfully
[14:50:44] [ForkJoinPool.commonPool-worker-2/INFO]: [STDOUT]: Saved region successfully
[14:50:44] [pool-11-thread-9/INFO]: [STDOUT]: World save took 178ms
[14:50:48] [main/INFO]: [CHAT] ꐁ
[14:50:48] [main/INFO]: [CHAT] ꐁ Хотите быть в курсе всех обновлений MetaHvH?
[14:50:48] [main/INFO]: [CHAT] ꐁ Тогда подписывайтесь в нашу группу вк: vk.com/metahvh
[14:50:48] [main/INFO]: [CHAT] ꐀ
[14:50:58] [main/INFO]: [CHAT] Дуэли » Игрок TonicStone44581 победил игрока paul_durov
[14:51:01] [main/INFO]: [CHAT] Дуэли » Игрок hikka764 победил игрока mone_mogeh2
[14:51:02] [main/INFO]: [CHAT] ▣ | ᴘʟᴀʏᴇʀ hikka764 ᴍᴇᴛᴀ » -mone_mogeh2 отлетел от лучшего софтика $hitPa$te Upgrade)
[14:51:06] [main/INFO]: [CHAT] Дуэли » Игрок NGnLRWq победил игрока legendsVaipa
[14:51:14] [main/INFO]: [CHAT] ▣ | ᴘʟᴀʏᴇʀ hikka764 ᴍᴇᴛᴀ » можно с вами в войс?
[14:51:22] [main/INFO]: [CHAT] ꐁ
[14:51:22] [main/INFO]: [CHAT] ꐁ Добавили титулы всех читов, которые работают с MetaHvH
[14:51:22] [main/INFO]: [CHAT] ꐁ Скорее ставь себе крутой титул - /tituls
[14:51:22] [main/INFO]: [CHAT] ꐀ
[14:51:26] [main/INFO]: [CHAT] Дуэли » Игрок AttackPrince_ победил игрока 2234231
[14:51:37] [main/INFO]: [CHAT] Дуэли » Игрок gfhdfh победил игрока 13313fege
[14:51:42] [main/INFO]: [CHAT] ▣ | ᴄʜᴀᴍᴘɪᴏɴ MartusVEL VegaLine » - Esper3x почему твой пастклеар снова всосал?
[14:51:53] [main/INFO]: [CHAT] Уборщик » Очистка произойдет через 60 секунд!!!
[14:51:53] [main/INFO]: [CHAT] ▣ | ɢᴏᴅ Amsquoquial VegaLine » - veulovansoft данил колбасенко?
[14:51:54] [main/INFO]: [CHAT] Дуэли » Игрок bazanaxui победил игрока TonicStone44581
[14:51:54] [main/INFO]: [CHAT] Дуэли » Игрок Ne_soft_ia победил игрока mone_mogeh2
[14:51:57] [main/INFO]: [CHAT] Дуэли » Вы вступили в очередь с набором OP2.
[14:51:58] [main/INFO]: [CHAT] Дуэли » Игрок NGnLRWq победил игрока 2234231
[14:52:00] [main/INFO]: [CHAT] ▣ | ᴘʟᴀʏᴇʀ sexyakvi4_6767 ᴡᴇxꜱɪᴅᴇ » пару сек
[14:52:07] [main/INFO]: [CHAT] Дуэли » Игрок paul_durov победил игрока SlapKiss
[14:52:07] [main/INFO]: [CHAT] ▣ | ᴘʟᴀʏᴇʀ paul_durov » -SlapKiss по гороскопу ты вылитый идиот. Или ты по гороскопу неудачник? (b_d)
[14:52:08] [main/INFO]: [CHAT] Дуэли » Противник найден: Ne_soft_ia! Начинается бой с набором OP2
[14:52:08] [main/INFO]: [CHAT] Начало через 5 Секунд!
[14:52:08] [main/INFO]: Environment: authHost='https://authserver.mojang.com', accountsHost='https://api.mojang.com', sessionHost='https://sessionserver.mojang.com', servicesHost='https://api.minecraftservices.com', name='PROD'
[14:52:08] [pool-11-thread-10/INFO]: [STDOUT]: Started saving the world in a new thread
[14:52:08] [pool-11-thread-10/INFO]: [STDOUT]: Saving region -1,0 to disk .\baritone\mc.metahvh.space\dimensions\minecraft\lobby\cache
[14:52:08] [ForkJoinPool.commonPool-worker-6/INFO]: [STDOUT]: Saving region -1,-1 to disk .\baritone\mc.metahvh.space\dimensions\minecraft\lobby\cache
[14:52:08] [ForkJoinPool.commonPool-worker-7/INFO]: [STDOUT]: Saving region 0,-1 to disk .\baritone\mc.metahvh.space\dimensions\minecraft\lobby\cache
[14:52:08] [ForkJoinPool.commonPool-worker-1/INFO]: [STDOUT]: Saving region 0,0 to disk .\baritone\mc.metahvh.space\dimensions\minecraft\lobby\cache
[14:52:08] [main/INFO]: [STDOUT]: Baritone world data dir: .\baritone\mc.metahvh.space\dimensions\minecraft\empty
[14:52:08] [ForkJoinPool.commonPool-worker-1/INFO]: [STDOUT]: Saved region successfully
[14:52:08] [pool-11-thread-10/INFO]: [STDOUT]: Saved region successfully
[14:52:08] [ForkJoinPool.commonPool-worker-7/INFO]: [STDOUT]: Saved region successfully
[14:52:08] [ForkJoinPool.commonPool-worker-6/INFO]: [STDOUT]: Saved region successfully
[14:52:08] [pool-11-thread-10/INFO]: [STDOUT]: World save took 22ms
[14:52:09] [main/INFO]: [CHAT] [۞] В этом мире запрещено летать.
[14:52:09] [main/INFO]: [CHAT] Начало через 4 Секунды!
[14:52:09] [main/INFO]: [CHAT] ▣ | ɢᴏᴅ Amsquoquial VegaLine » - gandoddd данил колбасенко?
[14:52:10] [main/INFO]: [CHAT] Начало через 3 Секунды!
[14:52:10] [pool-11-thread-6/INFO]: [STDOUT]: Loading region 1,0 from disk .\baritone\mc.metahvh.space\dimensions\minecraft\empty\cache
[14:52:10] [pool-11-thread-6/INFO]: [STDOUT]: Loaded region successfully in 35ms
[14:52:11] [main/INFO]: [CHAT] ꐁ
[14:52:11] [main/INFO]: [CHAT] ꐁ Хотите быть в курсе всех обновлений MetaHvH?
[14:52:11] [main/INFO]: [CHAT] ꐁ Тогда заходите в наш дискорд сервер: dsc.gg/metahvhs
[14:52:11] [main/INFO]: [CHAT] ꐀ
[14:52:11] [main/INFO]: [CHAT] Начало через 2 Секунды!
[14:52:12] [main/INFO]: [CHAT] Начало через 1 Секунду!
[14:52:16] [main/INFO]: [CHAT] Дуэли » Игрок gfhdfh победил игрока 13313fege
[14:52:16] [pool-11-thread-6/INFO]: [STDOUT]: Loading region 1,1 from disk .\baritone\mc.metahvh.space\dimensions\minecraft\empty\cache
[14:52:16] [pool-11-thread-6/INFO]: [STDOUT]: Loaded region successfully in 10ms
[14:52:20] [main/INFO]: [CHAT] АнтиРелог » Вы вошли в PVP режим. За выход с сервера - смерть
[14:52:23] [main/INFO]: [CHAT] Вы убили игрока Ne_soft_ia, Вы получили: 0 рублей
[14:52:23] [main/INFO]: [CHAT] Дуэли » Игрок ioeewp21 победил игрока Ne_soft_ia
[14:52:23] [main/INFO]: [CHAT] Инвентари (нажмите на имя для просмотра): Ne_soft_ia, ioeewp21
[14:52:26] [main/INFO]: [CHAT] ▣ | ᴘʟᴀʏᴇʀ ioeewp21 » Hynix Free bustit!
[14:52:26] [main/INFO]: [CHAT] ▣ | ɢᴏᴅ Amsquoquial VegaLine » - edvin219 сосать твое все
[14:52:28] [main/INFO]: Environment: authHost='https://authserver.mojang.com', accountsHost='https://api.mojang.com', sessionHost='https://sessionserver.mojang.com', servicesHost='https://api.minecraftservices.com', name='PROD'
[14:52:28] [pool-11-thread-10/INFO]: [STDOUT]: Started saving the world in a new thread
[14:52:28] [pool-11-thread-10/INFO]: [STDOUT]: Saving region 1,0 to disk .\baritone\mc.metahvh.space\dimensions\minecraft\empty\cache
[14:52:28] [ForkJoinPool.commonPool-worker-7/INFO]: [STDOUT]: Saving region 1,1 to disk .\baritone\mc.metahvh.space\dimensions\minecraft\empty\cache
[14:52:28] [ForkJoinPool.commonPool-worker-6/INFO]: [STDOUT]: Saving region 0,1 to disk .\baritone\mc.metahvh.space\dimensions\minecraft\empty\cache
[14:52:28] [ForkJoinPool.commonPool-worker-1/INFO]: [STDOUT]: Saving region 0,0 to disk .\baritone\mc.metahvh.space\dimensions\minecraft\empty\cache
[14:52:28] [main/INFO]: [STDOUT]: Baritone world data dir: .\baritone\mc.metahvh.space\dimensions\minecraft\lobby
[14:52:28] [ForkJoinPool.commonPool-worker-7/INFO]: [STDOUT]: Saved region successfully
[14:52:29] [pool-11-thread-10/INFO]: [STDOUT]: Saved region successfully
[14:52:29] [ForkJoinPool.commonPool-worker-6/INFO]: [STDOUT]: Saved region successfully
[14:52:29] [ForkJoinPool.commonPool-worker-1/INFO]: [STDOUT]: Saved region successfully
[14:52:29] [pool-11-thread-10/INFO]: [STDOUT]: World save took 187ms
[14:52:32] [main/INFO]: [CHAT] Дуэли » Игрок AttackPrince_ победил игрока veulovansoft
[14:52:33] [main/INFO]: [CHAT] Уборщик » Очистка произойдет через 20 секунд!!!
[14:52:36] [main/INFO]: [CHAT] Дуэли » Вы вступили в очередь с набором OP2.
[14:52:42] [main/INFO]: [CHAT] Дуэли » Противник найден: AttackPrince_! Начинается бой с набором OP2
[14:52:42] [main/INFO]: [CHAT] Начало через 5 Секунд!
[14:52:42] [main/INFO]: Environment: authHost='https://authserver.mojang.com', accountsHost='https://api.mojang.com', sessionHost='https://sessionserver.mojang.com', servicesHost='https://api.minecraftservices.com', name='PROD'
[14:52:42] [pool-11-thread-10/INFO]: [STDOUT]: Started saving the world in a new thread
[14:52:42] [pool-11-thread-10/INFO]: [STDOUT]: Saving region -1,0 to disk .\baritone\mc.metahvh.space\dimensions\minecraft\lobby\cache
[14:52:42] [ForkJoinPool.commonPool-worker-6/INFO]: [STDOUT]: Saving region -1,-1 to disk .\baritone\mc.metahvh.space\dimensions\minecraft\lobby\cache
[14:52:42] [ForkJoinPool.commonPool-worker-1/INFO]: [STDOUT]: Saving region 0,-1 to disk .\baritone\mc.metahvh.space\dimensions\minecraft\lobby\cache
[14:52:42] [ForkJoinPool.commonPool-worker-7/INFO]: [STDOUT]: Saving region 0,0 to disk .\baritone\mc.metahvh.space\dimensions\minecraft\lobby\cache
[14:52:42] [main/INFO]: [STDOUT]: Baritone world data dir: .\baritone\mc.metahvh.space\dimensions\minecraft\empty
[14:52:42] [ForkJoinPool.commonPool-worker-6/INFO]: [STDOUT]: Saved region successfully
[14:52:42] [pool-11-thread-10/INFO]: [STDOUT]: Saved region successfully
[14:52:42] [ForkJoinPool.commonPool-worker-1/INFO]: [STDOUT]: Saved region successfully
[14:52:42] [ForkJoinPool.commonPool-worker-7/INFO]: [STDOUT]: Saved region successfully
[14:52:42] [pool-11-thread-10/INFO]: [STDOUT]: World save took 26ms
[14:52:43] [main/INFO]: [CHAT] Уборщик » Очистка произойдет через 10 секунд!!!
[14:52:43] [main/INFO]: [CHAT] [۞] В этом мире запрещено летать.
[14:52:43] [main/INFO]: [CHAT] Начало через 4 Секунды!
[14:52:44] [main/INFO]: [CHAT] Начало через 3 Секунды!
[14:52:45] [main/INFO]: [CHAT] Начало через 2 Секунды!
[14:52:46] [main/INFO]: [CHAT] Начало через 1 Секунду!
[14:52:52] [main/INFO]: [CHAT] АнтиРелог » Вы вошли в PVP режим. За выход с сервера - смерть
[14:52:53] [main/INFO]: [CHAT] Уборщик » Удалено 282 предметов!
[14:52:54] [main/INFO]: [CHAT] Дуэли » Игрок 13313fege победил игрока TonicStone44581
[14:52:55] [main/INFO]: [CHAT] Дуэли » Игрок paul_durov победил игрока 2234231
[14:52:55] [main/INFO]: [CHAT] ▣ | ᴘʟᴀʏᴇʀ paul_durov » -2234231 когда следующий раз будешь открывать рот, то не захлебнись спермой (L_L)
[14:52:55] [main/INFO]: [CHAT] ▣ | ɢᴏᴅ Stalker0504 ɴᴜʀꜱᴜʟᴛᴀɴ » - gandoddd ezz
[14:53:01] [main/INFO]: [CHAT] Вас убил AttackPrince_, Вы потеряли: 10 рублей
[14:53:01] [main/INFO]: [CHAT] Дуэли » Игрок AttackPrince_ победил игрока ioeewp21
[14:53:01] [main/INFO]: [CHAT] [Baritone] Death position saved.
[14:53:01] [main/INFO]: [CHAT] Инвентари (нажмите на имя для просмотра): AttackPrince_, ioeewp21
[14:53:03] [main/INFO]: Environment: authHost='https://authserver.mojang.com', accountsHost='https://api.mojang.com', sessionHost='https://sessionserver.mojang.com', servicesHost='https://api.minecraftservices.com', name='PROD'
[14:53:03] [pool-11-thread-10/INFO]: [STDOUT]: Started saving the world in a new thread
[14:53:03] [pool-11-thread-10/INFO]: [STDOUT]: Saving region 0,0 to disk .\baritone\mc.metahvh.space\dimensions\minecraft\empty\cache
[14:53:03] [main/INFO]: [STDOUT]: Baritone world data dir: .\baritone\mc.metahvh.space\dimensions\minecraft\lobby
[14:53:03] [pool-11-thread-10/INFO]: [STDOUT]: Saved region successfully
[14:53:03] [pool-11-thread-10/INFO]: [STDOUT]: World save took 149ms
[14:53:08] [main/INFO]: [CHAT] Дуэли » Вы вступили в очередь с набором OP2.
[14:53:10] [main/INFO]: [CHAT] Дуэли » Противник найден: 13313fege! Начинается бой с набором OP2
[14:53:10] [main/INFO]: [CHAT] Начало через 5 Секунд!
[14:53:10] [main/INFO]: Environment: authHost='https://authserver.mojang.com', accountsHost='https://api.mojang.com', sessionHost='https://sessionserver.mojang.com', servicesHost='https://api.minecraftservices.com', name='PROD'
[14:53:10] [pool-11-thread-10/INFO]: [STDOUT]: Started saving the world in a new thread
[14:53:10] [pool-11-thread-10/INFO]: [STDOUT]: Saving region -1,0 to disk .\baritone\mc.metahvh.space\dimensions\minecraft\lobby\cache
[14:53:10] [ForkJoinPool.commonPool-worker-7/INFO]: [STDOUT]: Saving region 0,-1 to disk .\baritone\mc.metahvh.space\dimensions\minecraft\lobby\cache
[14:53:10] [ForkJoinPool.commonPool-worker-6/INFO]: [STDOUT]: Saving region 0,0 to disk .\baritone\mc.metahvh.space\dimensions\minecraft\lobby\cache
[14:53:10] [ForkJoinPool.commonPool-worker-1/INFO]: [STDOUT]: Saving region -1,-1 to disk .\baritone\mc.metahvh.space\dimensions\minecraft\lobby\cache
[14:53:10] [main/INFO]: [STDOUT]: Baritone world data dir: .\baritone\mc.metahvh.space\dimensions\minecraft\empty
[14:53:10] [ForkJoinPool.commonPool-worker-7/INFO]: [STDOUT]: Saved region successfully
[14:53:10] [pool-11-thread-10/INFO]: [STDOUT]: Saved region successfully
[14:53:10] [ForkJoinPool.commonPool-worker-6/INFO]: [STDOUT]: Saved region successfully
[14:53:10] [ForkJoinPool.commonPool-worker-1/INFO]: [STDOUT]: Saved region successfully
[14:53:10] [pool-11-thread-10/INFO]: [STDOUT]: World save took 25ms
[14:53:11] [main/INFO]: [CHAT] [۞] В этом мире запрещено летать.
[14:53:11] [main/INFO]: [CHAT] Начало через 4 Секунды!
[14:53:12] [main/INFO]: [CHAT] Начало через 3 Секунды!
[14:53:13] [main/INFO]: [CHAT] Начало через 2 Секунды!
[14:53:14] [main/INFO]: [CHAT] Начало через 1 Секунду!
[14:53:18] [main/INFO]: [CHAT] АнтиРелог » Вы вошли в PVP режим. За выход с сервера - смерть
[14:53:29] [main/INFO]: [CHAT] Вас убил 13313fege, Вы потеряли: 4 рублей
[14:53:29] [main/INFO]: [CHAT] Дуэли » Игрок 13313fege победил игрока ioeewp21
[14:53:29] [main/INFO]: [CHAT] [Baritone] Death position saved.
[14:53:29] [main/INFO]: [CHAT] Инвентари (нажмите на имя для просмотра): ioeewp21, 13313fege
[14:53:30] [main/INFO]: Environment: authHost='https://authserver.mojang.com', accountsHost='https://api.mojang.com', sessionHost='https://sessionserver.mojang.com', servicesHost='https://api.minecraftservices.com', name='PROD'
[14:53:30] [pool-11-thread-10/INFO]: [STDOUT]: Started saving the world in a new thread
[14:53:30] [pool-11-thread-10/INFO]: [STDOUT]: Saving region 1,0 to disk .\baritone\mc.metahvh.space\dimensions\minecraft\empty\cache
[14:53:30] [ForkJoinPool.commonPool-worker-1/INFO]: [STDOUT]: Saving region 0,1 to disk .\baritone\mc.metahvh.space\dimensions\minecraft\empty\cache
[14:53:30] [ForkJoinPool.commonPool-worker-6/INFO]: [STDOUT]: Saving region 1,1 to disk .\baritone\mc.metahvh.space\dimensions\minecraft\empty\cache
[14:53:30] [ForkJoinPool.commonPool-worker-7/INFO]: [STDOUT]: Saving region 0,0 to disk .\baritone\mc.metahvh.space\dimensions\minecraft\empty\cache
[14:53:30] [main/INFO]: [STDOUT]: Baritone world data dir: .\baritone\mc.metahvh.space\dimensions\minecraft\lobby
[14:53:30] [ForkJoinPool.commonPool-worker-6/INFO]: [STDOUT]: Saved region successfully
[14:53:30] [pool-11-thread-10/INFO]: [STDOUT]: Saved region successfully
[14:53:30] [ForkJoinPool.commonPool-worker-1/INFO]: [STDOUT]: Saved region successfully
[14:53:30] [ForkJoinPool.commonPool-worker-7/INFO]: [STDOUT]: Saved region successfully
[14:53:30] [pool-11-thread-10/INFO]: [STDOUT]: World save took 166ms
[14:53:32] [main/INFO]: [CHAT] Дуэли » Игрок 2234231 победил игрока legendsVaipa
[14:53:37] [main/INFO]: [CHAT] Дуэли » Вы вступили в очередь с набором OP2.
[14:53:42] [main/INFO]: [CHAT] Дуэли » Противник найден: 2234231! Начинается бой с набором OP2
[14:53:42] [main/INFO]: [CHAT] Начало через 5 Секунд!
[14:53:42] [main/INFO]: Environment: authHost='https://authserver.mojang.com', accountsHost='https://api.mojang.com', sessionHost='https://sessionserver.mojang.com', servicesHost='https://api.minecraftservices.com', name='PROD'
[14:53:42] [pool-11-thread-10/INFO]: [STDOUT]: Started saving the world in a new thread
[14:53:42] [pool-11-thread-10/INFO]: [STDOUT]: Saving region -1,0 to disk .\baritone\mc.metahvh.space\dimensions\minecraft\lobby\cache
[14:53:42] [ForkJoinPool.commonPool-worker-7/INFO]: [STDOUT]: Saving region 0,-1 to disk .\baritone\mc.metahvh.space\dimensions\minecraft\lobby\cache
[14:53:42] [ForkJoinPool.commonPool-worker-1/INFO]: [STDOUT]: Saving region -1,-1 to disk .\baritone\mc.metahvh.space\dimensions\minecraft\lobby\cache
[14:53:42] [ForkJoinPool.commonPool-worker-6/INFO]: [STDOUT]: Saving region 0,0 to disk .\baritone\mc.metahvh.space\dimensions\minecraft\lobby\cache
[14:53:42] [main/INFO]: [STDOUT]: Baritone world data dir: .\baritone\mc.metahvh.space\dimensions\minecraft\empty
[14:53:42] [ForkJoinPool.commonPool-worker-1/INFO]: [STDOUT]: Saved region successfully
[14:53:42] [ForkJoinPool.commonPool-worker-6/INFO]: [STDOUT]: Saved region successfully
[14:53:42] [ForkJoinPool.commonPool-worker-7/INFO]: [STDOUT]: Saved region successfully
[14:53:42] [pool-11-thread-10/INFO]: [STDOUT]: Saved region successfully
[14:53:42] [pool-11-thread-10/INFO]: [STDOUT]: World save took 22ms
[14:53:42] [main/INFO]: [CHAT] Дуэли » Игрок AttackPrince_ победил игрока paul_durov
[14:53:43] [main/INFO]: [CHAT] [۞] В этом мире запрещено летать.
[14:53:43] [main/INFO]: [CHAT] Начало через 4 Секунды!
[14:53:44] [main/INFO]: [CHAT] Начало через 3 Секунды!
[14:53:45] [main/INFO]: [CHAT] Начало через 2 Секунды!
[14:53:46] [main/INFO]: [CHAT] Начало через 1 Секунду!
[14:53:49] [main/INFO]: [CHAT] ꐁ
[14:53:49] [main/INFO]: [CHAT] ꐁ Хотите быть в курсе всех обновлений MetaHvH?
[14:53:49] [main/INFO]: [CHAT] ꐁ Тогда подписывайтесь в нашу группу вк: vk.com/metahvh
[14:53:49] [main/INFO]: [CHAT] ꐀ
[14:53:51] [main/INFO]: [CHAT] АнтиРелог » Вы вошли в PVP режим. За выход с сервера - смерть
[14:54:02] [main/INFO]: [CHAT] Вас убил 2234231, Вы потеряли: 3 рублей
[14:54:02] [main/INFO]: [CHAT] Дуэли » Игрок 2234231 победил игрока ioeewp21
[14:54:02] [main/INFO]: [CHAT] [Baritone] Death position saved.
[14:54:02] [main/INFO]: [CHAT] Инвентари (нажмите на имя для просмотра): 2234231, ioeewp21
[14:54:03] [main/INFO]: [CHAT] ▣ | ɢᴏᴅ Stalker0504 ɴᴜʀꜱᴜʟᴛᴀɴ » - Esper3x ezz
[14:54:03] [main/INFO]: Environment: authHost='https://authserver.mojang.com', accountsHost='https://api.mojang.com', sessionHost='https://sessionserver.mojang.com', servicesHost='https://api.minecraftservices.com', name='PROD'
[14:54:03] [pool-11-thread-10/INFO]: [STDOUT]: Started saving the world in a new thread
[14:54:03] [ForkJoinPool.commonPool-worker-7/INFO]: [STDOUT]: Saving region 0,0 to disk .\baritone\mc.metahvh.space\dimensions\minecraft\empty\cache
[14:54:03] [main/INFO]: [STDOUT]: Baritone world data dir: .\baritone\mc.metahvh.space\dimensions\minecraft\lobby
[14:54:03] [ForkJoinPool.commonPool-worker-7/INFO]: [STDOUT]: Saved region successfully
[14:54:03] [pool-11-thread-10/INFO]: [STDOUT]: World save took 158ms
[14:54:07] [main/INFO]: [CHAT] Дуэли » Вы вступили в очередь с набором OP2.
[14:54:10] [main/INFO]: [CHAT] ▣ | ɢʟᴀᴅɪᴀᴛᴏʀ poprygun_1488 жди доᴋᴄ » -edvin219 спейся с батьком своим у параши
[14:54:11] [main/INFO]: [CHAT] Дуэли » Игрок legendsVaipa победил игрока 13313fege
[14:54:20] [main/INFO]: [CHAT] Дуэли » Противник найден: 13313fege! Начинается бой с набором OP2
[14:54:20] [main/INFO]: [CHAT] Начало через 5 Секунд!
[14:54:20] [main/INFO]: Environment: authHost='https://authserver.mojang.com', accountsHost='https://api.mojang.com', sessionHost='https://sessionserver.mojang.com', servicesHost='https://api.minecraftservices.com', name='PROD'
[14:54:20] [pool-11-thread-10/INFO]: [STDOUT]: Started saving the world in a new thread
[14:54:20] [pool-11-thread-10/INFO]: [STDOUT]: Saving region -1,0 to disk .\baritone\mc.metahvh.space\dimensions\minecraft\lobby\cache
[14:54:20] [ForkJoinPool.commonPool-worker-7/INFO]: [STDOUT]: Saving region 0,-1 to disk .\baritone\mc.metahvh.space\dimensions\minecraft\lobby\cache
[14:54:20] [ForkJoinPool.commonPool-worker-6/INFO]: [STDOUT]: Saving region 0,0 to disk .\baritone\mc.metahvh.space\dimensions\minecraft\lobby\cache
[14:54:20] [ForkJoinPool.commonPool-worker-1/INFO]: [STDOUT]: Saving region -1,-1 to disk .\baritone\mc.metahvh.space\dimensions\minecraft\lobby\cache
[14:54:20] [main/INFO]: [STDOUT]: Baritone world data dir: .\baritone\mc.metahvh.space\dimensions\minecraft\empty
[14:54:20] [pool-11-thread-6/INFO]: [STDOUT]: Loading region -1,0 from disk .\baritone\mc.metahvh.space\dimensions\minecraft\empty\cache
[14:54:20] [ForkJoinPool.commonPool-worker-7/INFO]: [STDOUT]: Saved region successfully
[14:54:20] [pool-11-thread-10/INFO]: [STDOUT]: Saved region successfully
[14:54:20] [ForkJoinPool.commonPool-worker-1/INFO]: [STDOUT]: Saved region successfully
[14:54:20] [ForkJoinPool.commonPool-worker-6/INFO]: [STDOUT]: Saved region successfully
[14:54:20] [pool-11-thread-10/INFO]: [STDOUT]: World save took 23ms
[14:54:20] [pool-11-thread-6/INFO]: [STDOUT]: Loaded region successfully in 99ms
[14:54:20] [pool-11-thread-6/INFO]: [STDOUT]: Loading region -1,-1 from disk .\baritone\mc.metahvh.space\dimensions\minecraft\empty\cache
[14:54:20] [pool-11-thread-6/INFO]: [STDOUT]: Loaded region successfully in 90ms
[14:54:21] [main/INFO]: [CHAT] [۞] В этом мире запрещено летать.
[14:54:21] [main/INFO]: [CHAT] Начало через 4 Секунды!
[14:54:22] [main/INFO]: [CHAT] Начало через 3 Секунды!
[14:54:23] [main/INFO]: [CHAT] Начало через 2 Секунды!
[14:54:23] [main/INFO]: [CHAT] ▣ | ᴄʜᴀᴍᴘɪᴏɴ MartusVEL VegaLine » - Nkita228963 почему твой пастклеар снова всосал?
[14:54:24] [main/INFO]: [CHAT] Начало через 1 Секунду!
[14:54:27] [main/INFO]: [CHAT] АнтиРелог » Вы вошли в PVP режим. За выход с сервера - смерть
[14:54:36] [main/INFO]: [CHAT] Вы убили игрока 13313fege, Вы получили: 0 рублей
[14:54:37] [main/INFO]: [CHAT] Дуэли » Игрок ioeewp21 победил игрока 13313fege
[14:54:37] [main/INFO]: [CHAT] Инвентари (нажмите на имя для просмотра): ioeewp21, 13313fege
[14:54:42] [main/INFO]: Environment: authHost='https://authserver.mojang.com', accountsHost='https://api.mojang.com', sessionHost='https://sessionserver.mojang.com', servicesHost='https://api.minecraftservices.com', name='PROD'
[14:54:42] [pool-11-thread-10/INFO]: [STDOUT]: Started saving the world in a new thread
[14:54:42] [ForkJoinPool.commonPool-worker-6/INFO]: [STDOUT]: Saving region -1,0 to disk .\baritone\mc.metahvh.space\dimensions\minecraft\empty\cache
[14:54:42] [ForkJoinPool.commonPool-worker-4/INFO]: [STDOUT]: Saving region -2,0 to disk .\baritone\mc.metahvh.space\dimensions\minecraft\empty\cache
[14:54:42] [ForkJoinPool.commonPool-worker-7/INFO]: [STDOUT]: Saving region -1,-1 to disk .\baritone\mc.metahvh.space\dimensions\minecraft\empty\cache
[14:54:42] [ForkJoinPool.commonPool-worker-1/INFO]: [STDOUT]: Saving region -2,-1 to disk .\baritone\mc.metahvh.space\dimensions\minecraft\empty\cache
[14:54:42] [main/INFO]: [STDOUT]: Baritone world data dir: .\baritone\mc.metahvh.space\dimensions\minecraft\lobby
[14:54:42] [ForkJoinPool.commonPool-worker-1/INFO]: [STDOUT]: Saved region successfully
[14:54:42] [ForkJoinPool.commonPool-worker-4/INFO]: [STDOUT]: Saved region successfully
[14:54:42] [ForkJoinPool.commonPool-worker-7/INFO]: [STDOUT]: Saved region successfully
[14:54:42] [ForkJoinPool.commonPool-worker-6/INFO]: [STDOUT]: Saved region successfully
[14:54:42] [pool-11-thread-10/INFO]: [STDOUT]: World save took 124ms
[14:54:50] [main/INFO]: [CHAT] ▣ | ɢᴏᴅ Amsquoquial VegaLine » - Esper3x дима коляденко?
[14:54:52] [main/INFO]: [CHAT] Warping to withoutelytras.
[14:54:52] [main/INFO]: Environment: authHost='https://authserver.mojang.com', accountsHost='https://api.mojang.com', sessionHost='https://sessionserver.mojang.com', servicesHost='https://api.minecraftservices.com', name='PROD'
[14:54:52] [pool-11-thread-10/INFO]: [STDOUT]: Started saving the world in a new thread
[14:54:52] [pool-11-thread-10/INFO]: [STDOUT]: Saving region -1,0 to disk .\baritone\mc.metahvh.space\dimensions\minecraft\lobby\cache
[14:54:52] [ForkJoinPool.commonPool-worker-6/INFO]: [STDOUT]: Saving region 0,-1 to disk .\baritone\mc.metahvh.space\dimensions\minecraft\lobby\cache
[14:54:52] [ForkJoinPool.commonPool-worker-7/INFO]: [STDOUT]: Saving region -1,-1 to disk .\baritone\mc.metahvh.space\dimensions\minecraft\lobby\cache
[14:54:52] [ForkJoinPool.commonPool-worker-4/INFO]: [STDOUT]: Saving region 0,0 to disk .\baritone\mc.metahvh.space\dimensions\minecraft\lobby\cache
[14:54:52] [main/INFO]: [STDOUT]: Baritone world data dir: .\baritone\mc.metahvh.space\dimensions\minecraft\worldtwo
[14:54:52] [main/INFO]: [STDOUT]: Cached world directory: .\baritone\mc.metahvh.space\dimensions\minecraft\worldtwo\cache
[14:54:52] [main/INFO]: [STDOUT]: Would save waypoints to .\baritone\mc.metahvh.space\dimensions\minecraft\worldtwo\waypoints
[14:54:52] [pool-11-thread-10/INFO]: [STDOUT]: Saved region successfully
[14:54:52] [ForkJoinPool.commonPool-worker-6/INFO]: [STDOUT]: Saved region successfully
[14:54:52] [ForkJoinPool.commonPool-worker-7/INFO]: [STDOUT]: Saved region successfully
[14:54:52] [ForkJoinPool.commonPool-worker-4/INFO]: [STDOUT]: Saved region successfully
[14:54:52] [pool-11-thread-10/INFO]: [STDOUT]: World save took 22ms
[14:54:53] [main/INFO]: [CHAT] [۞] В этом мире запрещено летать.
[14:55:00] [main/INFO]: [CHAT] MetaHVH » Команда не найдена
[14:55:02] [main/INFO]: [CHAT] Дуэли » Игрок R6YEyTg3 победил игрока darkway_XD
[14:55:02] [main/INFO]: [CHAT] MetaHVH » Команда не найдена
[14:55:05] [main/INFO]: Environment: authHost='https://authserver.mojang.com', accountsHost='https://api.mojang.com', sessionHost='https://sessionserver.mojang.com', servicesHost='https://api.minecraftservices.com', name='PROD'
[14:55:05] [pool-11-thread-10/INFO]: [STDOUT]: Started saving the world in a new thread
[14:55:05] [pool-11-thread-10/INFO]: [STDOUT]: Saving region -1,0 to disk .\baritone\mc.metahvh.space\dimensions\minecraft\worldtwo\cache
[14:55:05] [ForkJoinPool.commonPool-worker-7/INFO]: [STDOUT]: Saving region -1,-1 to disk .\baritone\mc.metahvh.space\dimensions\minecraft\worldtwo\cache
[14:55:05] [ForkJoinPool.commonPool-worker-6/INFO]: [STDOUT]: Saving region 0,0 to disk .\baritone\mc.metahvh.space\dimensions\minecraft\worldtwo\cache
[14:55:05] [ForkJoinPool.commonPool-worker-4/INFO]: [STDOUT]: Saving region 0,-1 to disk .\baritone\mc.metahvh.space\dimensions\minecraft\worldtwo\cache
[14:55:05] [main/INFO]: [STDOUT]: Baritone world data dir: .\baritone\mc.metahvh.space
[14:55:05] [pool-11-thread-10/INFO]: [STDOUT]: Saved region successfully
[14:55:05] [ForkJoinPool.commonPool-worker-7/INFO]: [STDOUT]: Saved region successfully
[14:55:05] [ForkJoinPool.commonPool-worker-4/INFO]: [STDOUT]: Saved region successfully
[14:55:05] [ForkJoinPool.commonPool-worker-6/INFO]: [STDOUT]: Saved region successfully
[14:55:05] [pool-11-thread-10/INFO]: [STDOUT]: World save took 24ms
[14:55:05] [pool-11-thread-10/INFO]: [STDOUT]: mc.world unloaded unnoticed! Unloading Baritone cache now.
[14:55:05] [pool-11-thread-10/INFO]: [STDOUT]: mc.world loaded unnoticed! Loading Baritone cache now.
[14:55:05] [main/INFO]: Environment: authHost='https://authserver.mojang.com', accountsHost='https://api.mojang.com', sessionHost='https://sessionserver.mojang.com', servicesHost='https://api.minecraftservices.com', name='PROD'
[14:55:05] [pool-11-thread-13/INFO]: [STDOUT]: Started saving the world in a new thread
[14:55:05] [pool-11-thread-13/INFO]: [STDOUT]: World save took 0ms
[14:55:05] [pool-11-thread-13/INFO]: [STDOUT]: mc.world loaded unnoticed! Loading Baritone cache now.
[14:55:05] [pool-11-thread-10/INFO]: [STDOUT]: Baritone world data dir: .\baritone\mc.metahvh.space
[14:55:05] [pool-11-thread-10/INFO]: [STDOUT]: Started saving the world in a new thread
[14:55:05] [pool-11-thread-13/INFO]: [STDOUT]: Baritone world data dir: .\baritone\mc.metahvh.space
[14:55:05] [pool-11-thread-10/INFO]: [STDOUT]: World save took 0ms
[14:55:05] [main/INFO]: [STDOUT]: Baritone world data dir: .\baritone\mc.metahvh.space
[14:55:05] [main/INFO]: [STDOUT]: Received packet on channel: minecraft:register
[14:55:05] [main/WARN]: Unknown custom packed identifier: minecraft:register
[14:55:05] [main/INFO]: [STDOUT]: Received packet on channel: minecraft:brand
[14:55:05] [main/INFO]: Loaded 2 advancements
[14:55:12] [main/INFO]: Environment: authHost='https://authserver.mojang.com', accountsHost='https://api.mojang.com', sessionHost='https://sessionserver.mojang.com', servicesHost='https://api.minecraftservices.com', name='PROD'
[14:55:12] [pool-11-thread-10/INFO]: [STDOUT]: Started saving the world in a new thread
[14:55:12] [pool-11-thread-10/INFO]: [STDOUT]: Saving region -1,0 to disk .\baritone\mc.metahvh.space\cache
[14:55:12] [ForkJoinPool.commonPool-worker-4/INFO]: [STDOUT]: Saving region 0,0 to disk .\baritone\mc.metahvh.space\cache
[14:55:12] [ForkJoinPool.commonPool-worker-6/INFO]: [STDOUT]: Saving region 0,-1 to disk .\baritone\mc.metahvh.space\cache
[14:55:12] [ForkJoinPool.commonPool-worker-7/INFO]: [STDOUT]: Saving region -1,-1 to disk .\baritone\mc.metahvh.space\cache
[14:55:12] [main/INFO]: [STDOUT]: Baritone world data dir: .\baritone\mc.metahvh.space\dimensions\minecraft\worldtwo
[14:55:12] [ForkJoinPool.commonPool-worker-7/INFO]: [STDOUT]: Saved region successfully
[14:55:12] [pool-11-thread-10/INFO]: [STDOUT]: Saved region successfully
[14:55:12] [main/INFO]: Environment: authHost='https://authserver.mojang.com', accountsHost='https://api.mojang.com', sessionHost='https://sessionserver.mojang.com', servicesHost='https://api.minecraftservices.com', name='PROD'
[14:55:12] [pool-11-thread-13/INFO]: [STDOUT]: Started saving the world in a new thread
[14:55:12] [pool-11-thread-13/INFO]: [STDOUT]: World save took 0ms
[14:55:12] [pool-11-thread-13/INFO]: [STDOUT]: mc.world loaded unnoticed! Loading Baritone cache now.
[14:55:12] [main/INFO]: [STDOUT]: Baritone world data dir: .\baritone\mc.metahvh.space\dimensions\minecraft\worldtwo
[14:55:12] [pool-11-thread-13/INFO]: [STDOUT]: Baritone world data dir: .\baritone\mc.metahvh.space\dimensions\minecraft\worldtwo
[14:55:12] [ForkJoinPool.commonPool-worker-6/INFO]: [STDOUT]: Saved region successfully
[14:55:12] [ForkJoinPool.commonPool-worker-4/INFO]: [STDOUT]: Saved region successfully
[14:55:12] [pool-11-thread-10/INFO]: [STDOUT]: World save took 19ms
[14:55:12] [main/INFO]: [CHAT] Дуэли » Игрок AttackPrince_ победил игрока legendsVaipa
[14:55:12] [main/INFO]: [STDOUT]: Received packet on channel: minecraft:register
[14:55:12] [main/WARN]: Unknown custom packed identifier: minecraft:register
[14:55:12] [main/INFO]: [STDOUT]: Received packet on channel: minecraft:brand
[14:55:12] [main/INFO]: [CHAT] Дуэли » Невозможно телепортироваться к игроку на дуэли.
[14:55:12] [main/INFO]: Loaded 31 advancements
[14:55:13] [main/INFO]: [CHAT] ▣ | ɢʟᴀᴅɪᴀᴛᴏʀ poprygun_1488 жди доᴋᴄ » -gandoddd немощь ебаная, не сдыхай
[14:55:13] [main/INFO]: [CHAT] ▣ | ɢᴏᴅ Amsquoquial VegaLine » - gandoddd почему твой пастклеар снова всосал?
[14:55:13] [main/INFO]: [CHAT] [۞] В этом мире запрещено летать.
[14:55:13] [main/INFO]: [CHAT] You successfully received the kit default
[14:55:13] [main/INFO]: Loaded 38 advancements
[14:55:17] [main/INFO]: [CHAT] ▣ | ᴘʟᴀʏᴇʀ kavka » poprygun_1488 ты с астрилиса?
[14:55:19] [main/INFO]: Loaded 38 advancements
[14:55:22] [ForkJoinPool.commonPool-worker-4/INFO]: [STDOUT]: Saving region 0,-1 to disk .\baritone\mc.metahvh.space\dimensions\minecraft\worldtwo\cache
[14:55:22] [pool-11-thread-12/INFO]: [STDOUT]: Saving region -1,0 to disk .\baritone\mc.metahvh.space\dimensions\minecraft\worldtwo\cache
[14:55:22] [ForkJoinPool.commonPool-worker-1/INFO]: [STDOUT]: Saving region 0,0 to disk .\baritone\mc.metahvh.space\dimensions\minecraft\worldtwo\cache
[14:55:22] [ForkJoinPool.commonPool-worker-6/INFO]: [STDOUT]: Saving region -1,-1 to disk .\baritone\mc.metahvh.space\dimensions\minecraft\worldtwo\cache
[14:55:22] [pool-11-thread-12/INFO]: [STDOUT]: Saved region successfully
[14:55:22] [ForkJoinPool.commonPool-worker-4/INFO]: [STDOUT]: Saved region successfully
[14:55:22] [ForkJoinPool.commonPool-worker-6/INFO]: [STDOUT]: Saved region successfully
[14:55:22] [ForkJoinPool.commonPool-worker-1/INFO]: [STDOUT]: Saved region successfully
[14:55:22] [pool-11-thread-12/INFO]: [STDOUT]: World save took 22ms
[14:55:22] [main/INFO]: [CHAT] Дуэли » Игрок LEGENDaPooNooSAA победил игрока TonicStone44581
[14:55:30] [main/INFO]: [CHAT] Сервер ➡ Ставить шары нельзя.
[14:55:33] [main/INFO]: [CHAT] Дуэли » Игрок paul_durov победил игрока darkway_XD
[14:55:33] [main/INFO]: [CHAT] ▣ | ᴘʟᴀʏᴇʀ paul_durov » -darkway_XD прекращай делать умный вид. тебя уже давно раскусили (L_L)
[14:55:36] [main/INFO]: [CHAT] Hey! Sorry, but you can't PvP here.
[14:55:37] [main/INFO]: [CHAT] АнтиРелог » Вы вошли в PVP режим. За выход с сервера - смерть
[14:55:45] [main/INFO]: [CHAT] Дуэли » Игрок 2234231 победил игрока SlapKiss
[14:55:46] [main/INFO]: [CHAT] ▣ | ᴘʟᴀʏᴇʀ kavka » poprygun_1488 ты с астрилиса?
[14:55:49] [main/INFO]: [CHAT] Дуэли » Игрок hikka764 победил игрока itamoryy
[14:55:49] [main/INFO]: [CHAT] ▣ | ᴘʟᴀʏᴇʀ hikka764 ᴍᴇᴛᴀ » -itamoryy чет ты слабый какой-то
[14:55:50] [pool-11-thread-2/INFO]: [STDOUT]: World save took 0ms
[14:55:50] [main/INFO]: [CHAT] Дуэли » Игрок 13313fege победил игрока gandoddd
[14:55:54] [main/INFO]: [CHAT] Дуэли » Игрок Nkita228963 победил игрока R6YEyTg3
[14:56:00] [main/INFO]: [CHAT] ▣ | ᴘʟᴀʏᴇʀ kavka » poprygun_1488 ты с астрилиса?
[14:56:04] [main/INFO]: [CHAT] Дуэли » Игрок Ne_soft_ia победил игрока ivanvoin42
[14:56:12] [main/INFO]: [CHAT] АнтиРелог » PVP режим закончился. Можно спокойно выходить
[14:56:12] [pool-11-thread-5/INFO]: [STDOUT]: World save took 0ms
[14:56:18] [main/INFO]: [CHAT] Дуэли » Игрок 2234231 победил игрока 13313fege
[14:56:25] [main/INFO]: [CHAT] Дуэли » Игрок hikka764 победил игрока Nkita228963
[14:56:25] [main/INFO]: [CHAT] ▣ | ᴘʟᴀʏᴇʀ hikka764 ᴍᴇᴛᴀ » -Nkita228963 чет ты слабый какой-то
[14:56:26] [pool-11-thread-7/INFO]: [STDOUT]: World save took 1ms
[14:56:33] [main/INFO]: [CHAT] Дуэли » Игрок paul_durov победил игрока itamoryy
[14:56:33] [main/INFO]: [CHAT] ▣ | ᴘʟᴀʏᴇʀ paul_durov » -itamoryy по гороскопу ты вылитый идиот. Или ты по гороскопу неудачник? ($_$)
[14:56:34] [main/INFO]: [CHAT] Дуэли » Игрок TonicStone44581 победил игрока LEGENDaPooNooSAA
[14:56:41] [main/INFO]: [CHAT] Hey! Sorry, but you can't PvP here.
[14:56:42] [main/INFO]: [CHAT] АнтиРелог » Вы вошли в PVP режим. За выход с сервера - смерть
[14:56:43] [main/INFO]: [CHAT] Дуэли » Игрок bazanaxui победил игрока prostoakk229
[14:56:47] [main/INFO]: [CHAT] Сервер ➡ Ставить шары нельзя.
[14:56:50] [main/INFO]: [CHAT] ꐁ
[14:56:50] [main/INFO]: [CHAT] ꐁ Хотите быть в курсе всех обновлений MetaHvH?
[14:56:50] [main/INFO]: [CHAT] ꐁ Тогда подписывайтесь в нашу группу вк: vk.com/metahvh
[14:56:50] [main/INFO]: [CHAT] ꐀ
[14:56:51] [main/INFO]: [CHAT] Вас убил BoaSavior42, Вы потеряли: 0 рублей
[14:56:51] [main/INFO]: [CHAT] [Baritone] Death position saved.
[14:56:51] [main/INFO]: [CHAT] ▣ | ɢᴏᴅ BoaSavior42 » -ioeewp21 чет ты слабый какой-то (G_G)
[14:56:52] [main/INFO]: Environment: authHost='https://authserver.mojang.com', accountsHost='https://api.mojang.com', sessionHost='https://sessionserver.mojang.com', servicesHost='https://api.minecraftservices.com', name='PROD'
[14:56:52] [pool-11-thread-14/INFO]: [STDOUT]: Started saving the world in a new thread
[14:56:52] [pool-11-thread-14/INFO]: [STDOUT]: Saving region -1,0 to disk .\baritone\mc.metahvh.space\dimensions\minecraft\worldtwo\cache
[14:56:52] [ForkJoinPool.commonPool-worker-4/INFO]: [STDOUT]: Saving region -1,-1 to disk .\baritone\mc.metahvh.space\dimensions\minecraft\worldtwo\cache
[14:56:52] [ForkJoinPool.commonPool-worker-8/INFO]: [STDOUT]: Saving region 0,-1 to disk .\baritone\mc.metahvh.space\dimensions\minecraft\worldtwo\cache
[14:56:52] [ForkJoinPool.commonPool-worker-6/INFO]: [STDOUT]: Saving region 0,0 to disk .\baritone\mc.metahvh.space\dimensions\minecraft\worldtwo\cache
[14:56:52] [main/INFO]: [STDOUT]: Baritone world data dir: .\baritone\mc.metahvh.space\dimensions\minecraft\lobby
[14:56:52] [ForkJoinPool.commonPool-worker-4/INFO]: [STDOUT]: Saved region successfully
[14:56:52] [ForkJoinPool.commonPool-worker-8/INFO]: [STDOUT]: Saved region successfully
[14:56:52] [pool-11-thread-14/INFO]: [STDOUT]: Saved region successfully
[14:56:52] [ForkJoinPool.commonPool-worker-6/INFO]: [STDOUT]: Saved region successfully
[14:56:52] [pool-11-thread-14/INFO]: [STDOUT]: World save took 34ms
[14:56:56] [main/INFO]: [CHAT] Дуэли » Игрок 2234231 победил игрока hikka764
[14:56:57] [main/INFO]: [CHAT] Дуэли » Игрок 13313fege победил игрока Umix999
[14:57:01] [main/INFO]: [CHAT] Дуэли » Вы вступили в очередь с набором OP2.
[14:57:02] [main/INFO]: [CHAT] Дуэли » Противник найден: paul_durov! Начинается бой с набором OP2
[14:57:02] [main/INFO]: [CHAT] Начало через 5 Секунд!
[14:57:02] [main/INFO]: Environment: authHost='https://authserver.mojang.com', accountsHost='https://api.mojang.com', sessionHost='https://sessionserver.mojang.com', servicesHost='https://api.minecraftservices.com', name='PROD'
[14:57:02] [pool-11-thread-14/INFO]: [STDOUT]: Started saving the world in a new thread
[14:57:02] [pool-11-thread-14/INFO]: [STDOUT]: Saving region -1,0 to disk .\baritone\mc.metahvh.space\dimensions\minecraft\lobby\cache
[14:57:02] [ForkJoinPool.commonPool-worker-6/INFO]: [STDOUT]: Saving region 0,-1 to disk .\baritone\mc.metahvh.space\dimensions\minecraft\lobby\cache
[14:57:02] [ForkJoinPool.commonPool-worker-8/INFO]: [STDOUT]: Saving region -1,-1 to disk .\baritone\mc.metahvh.space\dimensions\minecraft\lobby\cache
[14:57:02] [ForkJoinPool.commonPool-worker-4/INFO]: [STDOUT]: Saving region 0,0 to disk .\baritone\mc.metahvh.space\dimensions\minecraft\lobby\cache
[14:57:02] [main/INFO]: [STDOUT]: Baritone world data dir: .\baritone\mc.metahvh.space\dimensions\minecraft\empty
[14:57:02] [pool-11-thread-6/INFO]: [STDOUT]: Loading region -1,-2 from disk .\baritone\mc.metahvh.space\dimensions\minecraft\empty\cache
[14:57:02] [ForkJoinPool.commonPool-worker-8/INFO]: [STDOUT]: Saved region successfully
[14:57:02] [ForkJoinPool.commonPool-worker-4/INFO]: [STDOUT]: Saved region successfully
[14:57:02] [pool-11-thread-14/INFO]: [STDOUT]: Saved region successfully
[14:57:02] [ForkJoinPool.commonPool-worker-6/INFO]: [STDOUT]: Saved region successfully
[14:57:02] [pool-11-thread-14/INFO]: [STDOUT]: World save took 24ms
[14:57:02] [pool-11-thread-6/INFO]: [STDOUT]: Loaded region successfully in 61ms
[14:57:03] [main/INFO]: [CHAT] [۞] В этом мире запрещено летать.
[14:57:03] [main/INFO]: [CHAT] Начало через 4 Секунды!
[14:57:04] [main/INFO]: [CHAT] Начало через 3 Секунды!
[14:57:05] [main/INFO]: [CHAT] Начало через 2 Секунды!
[14:57:06] [main/INFO]: [CHAT] ꐁ
[14:57:06] [main/INFO]: [CHAT] ꐁ У нас на сервере доступен голосовой чат
[14:57:06] [main/INFO]: [CHAT] ꐁ Команда: /voice
[14:57:06] [main/INFO]: [CHAT] ꐀ
[14:57:06] [main/INFO]: [CHAT] Начало через 1 Секунду!
[14:57:10] [main/INFO]: [CHAT] АнтиРелог » Вы вошли в PVP режим. За выход с сервера - смерть
[14:57:13] [main/INFO]: [CHAT] Дуэли » Игрок Nkita228963 победил игрока LEGENDaPooNooSAA
[14:57:24] [main/INFO]: [CHAT] Вы убили игрока paul_durov, Вы получили: 8 рублей
[14:57:24] [main/INFO]: [CHAT] Дуэли » Игрок ioeewp21 победил игрока paul_durov
[14:57:24] [main/INFO]: [CHAT] Инвентари (нажмите на имя для просмотра): paul_durov, ioeewp21
[14:57:29] [main/INFO]: Environment: authHost='https://authserver.mojang.com', accountsHost='https://api.mojang.com', sessionHost='https://sessionserver.mojang.com', servicesHost='https://api.minecraftservices.com', name='PROD'
[14:57:29] [pool-11-thread-14/INFO]: [STDOUT]: Started saving the world in a new thread
[14:57:29] [pool-11-thread-14/INFO]: [STDOUT]: Saving region -1,-1 to disk .\baritone\mc.metahvh.space\dimensions\minecraft\empty\cache
[14:57:29] [ForkJoinPool.commonPool-worker-4/INFO]: [STDOUT]: Saving region -1,-2 to disk .\baritone\mc.metahvh.space\dimensions\minecraft\empty\cache
[14:57:29] [main/INFO]: [STDOUT]: Baritone world data dir: .\baritone\mc.metahvh.space\dimensions\minecraft\lobby
[14:57:29] [ForkJoinPool.commonPool-worker-4/INFO]: [STDOUT]: Saved region successfully
[14:57:29] [pool-11-thread-14/INFO]: [STDOUT]: Saved region successfully
[14:57:29] [pool-11-thread-14/INFO]: [STDOUT]: World save took 77ms
[14:57:32] [main/INFO]: [CHAT] Дуэли » Игрок hikka764 победил игрока R6YEyTg3
[14:57:32] [main/INFO]: [CHAT] ▣ | ᴘʟᴀʏᴇʀ hikka764 ᴍᴇᴛᴀ » -R6YEyTg3 чет ты слабый какой-то
[14:57:37] [main/INFO]: [CHAT] Дуэли » Игрок bazanaxui победил игрока TonicStone44581
[14:57:39] [main/INFO]: [CHAT] ꐁ
[14:57:39] [main/INFO]: [CHAT] ꐁ Мы открыли свой чит-клиент специально под MetaHvH
[14:57:39] [main/INFO]: [CHAT] ꐁ Заходите к нам в дискорд сервер: dsc.gg/metaclients
[14:57:39] [main/INFO]: [CHAT] ꐀ
[14:57:40] [main/INFO]: [CHAT] Hey! Sorry, but you can't PvP here.
[14:57:40] [main/INFO]: [CHAT] Hey! Sorry, but you can't PvP here.
[14:57:42] [main/INFO]: [CHAT] Hey! Sorry, but you can't PvP here.
[14:57:43] [main/INFO]: [CHAT] Hey! Sorry, but you can't PvP here.
[14:57:43] [main/INFO]: [CHAT] Hey! Sorry, but you can't PvP here.
[14:57:44] [main/INFO]: [CHAT] Hey! Sorry, but you can't PvP here.
[14:57:44] [main/INFO]: [CHAT] Hey! Sorry, but you can't PvP here.
[14:57:45] [main/INFO]: [CHAT] Hey! Sorry, but you can't PvP here.
[14:57:46] [main/INFO]: [CHAT] Hey! Sorry, but you can't PvP here.
[14:57:46] [main/INFO]: [CHAT] Hey! Sorry, but you can't PvP here.
[14:57:47] [main/INFO]: [CHAT] Hey! Sorry, but you can't PvP here.
[14:57:53] [main/INFO]: [CHAT] ▣ | ᴡᴀʀʀɪᴏʀ sexyfonya ɴᴜʀꜱᴜʟᴛᴀɴ » все?
[14:57:54] [main/INFO]: [CHAT] Дуэли » Игрок h1zwexx победил игрока AttackPrince_
[14:57:56] [main/INFO]: [CHAT] ▣ | ɢᴏᴅ BoaSavior42 » -Nkita228963 ezz kv (X_X)
[14:58:04] [main/INFO]: [CHAT] Дуэли » Игрок 13313fege победил игрока LEGENDaPooNooSAA
[14:58:06] [main/INFO]: Environment: authHost='https://authserver.mojang.com', accountsHost='https://api.mojang.com', sessionHost='https://sessionserver.mojang.com', servicesHost='https://api.minecraftservices.com', name='PROD'
[14:58:06] [pool-11-thread-14/INFO]: [STDOUT]: Started saving the world in a new thread
[14:58:06] [pool-11-thread-14/INFO]: [STDOUT]: Saving region -1,0 to disk .\baritone\mc.metahvh.space\dimensions\minecraft\lobby\cache
[14:58:06] [ForkJoinPool.commonPool-worker-4/INFO]: [STDOUT]: Saving region 0,-1 to disk .\baritone\mc.metahvh.space\dimensions\minecraft\lobby\cache
[14:58:06] [ForkJoinPool.commonPool-worker-7/INFO]: [STDOUT]: Saving region 0,0 to disk .\baritone\mc.metahvh.space\dimensions\minecraft\lobby\cache
[14:58:06] [ForkJoinPool.commonPool-worker-8/INFO]: [STDOUT]: Saving region -1,-1 to disk .\baritone\mc.metahvh.space\dimensions\minecraft\lobby\cache
[14:58:06] [main/INFO]: [STDOUT]: Baritone world data dir: .\baritone\mc.metahvh.space
[14:58:06] [main/INFO]: Environment: authHost='https://authserver.mojang.com', accountsHost='https://api.mojang.com', sessionHost='https://sessionserver.mojang.com', servicesHost='https://api.minecraftservices.com', name='PROD'
[14:58:06] [pool-11-thread-15/INFO]: [STDOUT]: Started saving the world in a new thread
[14:58:06] [pool-11-thread-15/INFO]: [STDOUT]: World save took 0ms
[14:58:06] [pool-11-thread-15/INFO]: [STDOUT]: mc.world loaded unnoticed! Loading Baritone cache now.
[14:58:06] [main/INFO]: [STDOUT]: Baritone world data dir: .\baritone\mc.metahvh.space
[14:58:06] [pool-11-thread-15/INFO]: [STDOUT]: Baritone world data dir: .\baritone\mc.metahvh.space
[14:58:06] [main/INFO]: [STDOUT]: Received packet on channel: minecraft:register
[14:58:06] [main/WARN]: Unknown custom packed identifier: minecraft:register
[14:58:06] [ForkJoinPool.commonPool-worker-8/INFO]: [STDOUT]: Saved region successfully
[14:58:06] [main/INFO]: [STDOUT]: Received packet on channel: minecraft:brand
[14:58:06] [ForkJoinPool.commonPool-worker-4/INFO]: [STDOUT]: Saved region successfully
[14:58:06] [pool-11-thread-14/INFO]: [STDOUT]: Saved region successfully
[14:58:06] [ForkJoinPool.commonPool-worker-7/INFO]: [STDOUT]: Saved region successfully
[14:58:06] [pool-11-thread-14/INFO]: [STDOUT]: World save took 22ms
[14:58:07] [main/INFO]: Loaded 2 advancements
[14:58:07] [main/ERROR]: Can't ping mc.metahvh.space: Internal Exception: java.net.SocketException: Connection reset
[14:58:08] [main/INFO]: Connecting to connect.funtime.su., 25565
[14:58:09] [main/INFO]: Environment: authHost='https://authserver.mojang.com', accountsHost='https://api.mojang.com', sessionHost='https://sessionserver.mojang.com', servicesHost='https://api.minecraftservices.com', name='PROD'
[14:58:09] [pool-11-thread-14/INFO]: [STDOUT]: Started saving the world in a new thread
[14:58:09] [pool-11-thread-14/INFO]: [STDOUT]: Saving region -1,0 to disk .\baritone\mc.metahvh.space\cache
[14:58:09] [ForkJoinPool.commonPool-worker-4/INFO]: [STDOUT]: Saving region -1,-1 to disk .\baritone\mc.metahvh.space\cache
[14:58:09] [ForkJoinPool.commonPool-worker-8/INFO]: [STDOUT]: Saving region 0,0 to disk .\baritone\mc.metahvh.space\cache
[14:58:09] [ForkJoinPool.commonPool-worker-7/INFO]: [STDOUT]: Saving region 0,-1 to disk .\baritone\mc.metahvh.space\cache
[14:58:09] [main/INFO]: [STDOUT]: Baritone world data dir: .\baritone\funtime.su
[14:58:09] [main/INFO]: [STDOUT]: Cached world directory: .\baritone\funtime.su\cache
[14:58:09] [main/INFO]: [STDOUT]: Would save waypoints to .\baritone\funtime.su\waypoints
[14:58:09] [main/INFO]: [STDOUT]: Received packet on channel: minecraft:brand
[14:58:09] [pool-11-thread-15/INFO]: [STDOUT]: Loading region -1,-1 from disk .\baritone\funtime.su\cache
[14:58:09] [pool-11-thread-15/INFO]: [STDOUT]: Loaded region successfully in 10ms
[14:58:09] [pool-11-thread-15/INFO]: [STDOUT]: Loading region -1,0 from disk .\baritone\funtime.su\cache
[14:58:09] [pool-11-thread-14/INFO]: [STDOUT]: Saved region successfully
[14:58:09] [ForkJoinPool.commonPool-worker-4/INFO]: [STDOUT]: Saved region successfully
[14:58:09] [ForkJoinPool.commonPool-worker-8/INFO]: [STDOUT]: Saved region successfully
[14:58:09] [ForkJoinPool.commonPool-worker-7/INFO]: [STDOUT]: Saved region successfully
[14:58:09] [pool-11-thread-14/INFO]: [STDOUT]: World save took 19ms
[14:58:09] [pool-11-thread-15/INFO]: [STDOUT]: Loaded region successfully in 10ms
[14:58:09] [pool-11-thread-15/INFO]: [STDOUT]: Loading region 0,-1 from disk .\baritone\funtime.su\cache
[14:58:09] [pool-11-thread-15/INFO]: [STDOUT]: Loaded region successfully in 9ms
[14:58:09] [pool-11-thread-15/INFO]: [STDOUT]: Loading region 0,0 from disk .\baritone\funtime.su\cache
[14:58:09] [pool-11-thread-15/INFO]: [STDOUT]: Loaded region successfully in 11ms
[14:58:10] [main/INFO]: [CHAT] BotFilter >> Введите номер с картинки в чат
[14:58:13] [main/INFO]: [CHAT] BotFilter >> Введите номер с картинки в чат
[14:58:15] [main/INFO]: [CHAT] BotFilter >> Вы ввели капчу неправильно, пожалуйста попробуйте ещё раз. У вас 2 попытки
[14:58:16] [main/INFO]: [CHAT] BotFilter >> Введите номер с картинки в чат
[14:58:19] [main/INFO]: [CHAT] BotFilter >> Введите номер с картинки в чат
[14:58:22] [main/INFO]: [CHAT] BotFilter >> Введите номер с картинки в чат
[14:58:23] [main/INFO]: [CHAT] BotFilter >> Проверка пройдена, приятной игры
[14:58:23] [main/INFO]: [CHAT] [✾] Войдите в игру ↝ /login <Пароль>
[14:58:23] [main/INFO]: Environment: authHost='https://authserver.mojang.com', accountsHost='https://api.mojang.com', sessionHost='https://sessionserver.mojang.com', servicesHost='https://api.minecraftservices.com', name='PROD'
[14:58:23] [pool-11-thread-14/INFO]: [STDOUT]: Started saving the world in a new thread
[14:58:23] [pool-11-thread-14/INFO]: [STDOUT]: Saving region -1,0 to disk .\baritone\funtime.su\cache
[14:58:23] [ForkJoinPool.commonPool-worker-8/INFO]: [STDOUT]: Saving region -1,-1 to disk .\baritone\funtime.su\cache
[14:58:23] [ForkJoinPool.commonPool-worker-7/INFO]: [STDOUT]: Saving region 0,-1 to disk .\baritone\funtime.su\cache
[14:58:23] [ForkJoinPool.commonPool-worker-4/INFO]: [STDOUT]: Saving region 0,0 to disk .\baritone\funtime.su\cache
[14:58:23] [main/INFO]: [STDOUT]: Baritone world data dir: .\baritone\funtime.su
[14:58:23] [main/INFO]: [STDOUT]: Received packet on channel: minecraft:brand
[14:58:23] [ForkJoinPool.commonPool-worker-8/INFO]: [STDOUT]: Saved region successfully
[14:58:23] [ForkJoinPool.commonPool-worker-7/INFO]: [STDOUT]: Saved region successfully
[14:58:23] [pool-11-thread-14/INFO]: [STDOUT]: Saved region successfully
[14:58:23] [ForkJoinPool.commonPool-worker-4/INFO]: [STDOUT]: Saved region successfully
[14:58:23] [pool-11-thread-14/INFO]: [STDOUT]: World save took 15ms
[14:58:23] [main/INFO]: Loaded 0 advancements
[14:58:28] [main/INFO]: [CHAT] [✾] Войдите в игру ↝ /login <Пароль>
[14:58:28] [main/INFO]: [CHAT] [✾] Успешная авторизация! Приятной игры!
[14:58:29] [main/INFO]: Environment: authHost='https://authserver.mojang.com', accountsHost='https://api.mojang.com', sessionHost='https://sessionserver.mojang.com', servicesHost='https://api.minecraftservices.com', name='PROD'
[14:58:29] [pool-11-thread-14/INFO]: [STDOUT]: Started saving the world in a new thread
[14:58:29] [pool-11-thread-14/INFO]: [STDOUT]: Saving region -1,0 to disk .\baritone\funtime.su\cache
[14:58:29] [ForkJoinPool.commonPool-worker-4/INFO]: [STDOUT]: Saving region 0,-1 to disk .\baritone\funtime.su\cache
[14:58:29] [ForkJoinPool.commonPool-worker-7/INFO]: [STDOUT]: Saving region -1,-1 to disk .\baritone\funtime.su\cache
[14:58:29] [ForkJoinPool.commonPool-worker-8/INFO]: [STDOUT]: Saving region 0,0 to disk .\baritone\funtime.su\cache
[14:58:29] [main/INFO]: [STDOUT]: Baritone world data dir: .\baritone\funtime.su
[14:58:29] [main/INFO]: [STDOUT]: Received packet on channel: minecraft:brand
[14:58:29] [ForkJoinPool.commonPool-worker-7/INFO]: [STDOUT]: Saved region successfully
[14:58:29] [ForkJoinPool.commonPool-worker-4/INFO]: [STDOUT]: Saved region successfully
[14:58:29] [pool-11-thread-14/INFO]: [STDOUT]: Saved region successfully
[14:58:29] [ForkJoinPool.commonPool-worker-8/INFO]: [STDOUT]: Saved region successfully
[14:58:29] [pool-11-thread-14/INFO]: [STDOUT]: World save took 15ms
[14:58:29] [main/INFO]: [CHAT] ╔═════ ★ FunTime.su ★ ═══╗
[14:58:29] [main/INFO]: [CHAT] ║
[14:58:29] [main/INFO]: [CHAT] ║ Добро пожаловать на FunTime
[14:58:29] [main/INFO]: [CHAT] ║ Наши социальные сети – /links
[14:58:29] [main/INFO]: [CHAT] ║ Приятной игры и новых побед!
[14:58:29] [main/INFO]: [CHAT] ║
[14:58:29] [main/INFO]: [CHAT] ╚═══════════════════╝
[14:58:29] [main/WARN]: Ignoring chunk since it's not in the view range: -7, 0
[14:58:29] [main/WARN]: Ignoring chunk since it's not in the view range: 0, 7
[14:58:29] [main/WARN]: Ignoring chunk since it's not in the view range: 7, 0
[14:58:29] [main/WARN]: Ignoring chunk since it's not in the view range: 0, -7
[14:58:29] [main/WARN]: Ignoring chunk since it's not in the view range: -8, 0
[14:58:29] [main/WARN]: Ignoring chunk since it's not in the view range: 0, 8
[14:58:29] [main/WARN]: Ignoring chunk since it's not in the view range: 8, 0
[14:58:29] [main/WARN]: Ignoring chunk since it's not in the view range: 0, -8
[14:58:29] [main/WARN]: Ignoring chunk since it's not in the view range: -7, -1
[14:58:29] [main/WARN]: Ignoring chunk since it's not in the view range: -7, 1
[14:58:29] [main/WARN]: Ignoring chunk since it's not in the view range: -1, 7
[14:58:29] [main/WARN]: Ignoring chunk since it's not in the view range: 1, 7
[14:58:29] [main/WARN]: Ignoring chunk since it's not in the view range: 7, 1
[14:58:29] [main/WARN]: Ignoring chunk since it's not in the view range: 7, -1
[14:58:29] [main/WARN]: Ignoring chunk since it's not in the view range: 1, -7
[14:58:29] [main/WARN]: Ignoring chunk since it's not in the view range: -1, -7
[14:58:29] [main/WARN]: Ignoring chunk since it's not in the view range: -8, -1
[14:58:29] [main/WARN]: Ignoring chunk since it's not in the view range: -8, 1
[14:58:29] [main/WARN]: Ignoring chunk since it's not in the view range: -1, 8
[14:58:29] [main/WARN]: Ignoring chunk since it's not in the view range: 1, 8
[14:58:29] [main/WARN]: Ignoring chunk since it's not in the view range: 8, 1
[14:58:29] [main/WARN]: Ignoring chunk since it's not in the view range: 8, -1
[14:58:29] [main/WARN]: Ignoring chunk since it's not in the view range: 1, -8
[14:58:29] [main/WARN]: Ignoring chunk since it's not in the view range: -1, -8
[14:58:29] [main/WARN]: Ignoring chunk since it's not in the view range: -7, -2
[14:58:29] [main/WARN]: Ignoring chunk since it's not in the view range: -7, 2
[14:58:29] [main/WARN]: Ignoring chunk since it's not in the view range: -2, 7
[14:58:29] [main/WARN]: Ignoring chunk since it's not in the view range: 2, 7
[14:58:29] [main/WARN]: Ignoring chunk since it's not in the view range: 7, 2
[14:58:29] [main/WARN]: Ignoring chunk since it's not in the view range: 7, -2
[14:58:29] [main/WARN]: Ignoring chunk since it's not in the view range: 2, -7
[14:58:29] [main/WARN]: Ignoring chunk since it's not in the view range: -2, -7
[14:58:29] [main/WARN]: Ignoring chunk since it's not in the view range: -8, -2
[14:58:29] [main/WARN]: Ignoring chunk since it's not in the view range: -8, 2
[14:58:29] [main/WARN]: Ignoring chunk since it's not in the view range: -2, 8
[14:58:29] [main/WARN]: Ignoring chunk since it's not in the view range: 2, 8
[14:58:29] [main/WARN]: Ignoring chunk since it's not in the view range: 8, 2
[14:58:29] [main/WARN]: Ignoring chunk since it's not in the view range: 8, -2
[14:58:29] [main/WARN]: Ignoring chunk since it's not in the view range: 2, -8
[14:58:29] [main/WARN]: Ignoring chunk since it's not in the view range: -2, -8
[14:58:29] [main/WARN]: Ignoring chunk since it's not in the view range: -7, -3
[14:58:29] [main/WARN]: Ignoring chunk since it's not in the view range: -7, 3
[14:58:29] [main/WARN]: Ignoring chunk since it's not in the view range: -3, 7
[14:58:29] [main/WARN]: Ignoring chunk since it's not in the view range: 3, 7
[14:58:29] [main/WARN]: Ignoring chunk since it's not in the view range: 7, 3
[14:58:29] [main/WARN]: Ignoring chunk since it's not in the view range: 7, -3
[14:58:29] [main/WARN]: Ignoring chunk since it's not in the view range: 3, -7
[14:58:29] [main/WARN]: Ignoring chunk since it's not in the view range: -3, -7
[14:58:29] [main/WARN]: Ignoring chunk since it's not in the view range: -8, -3
[14:58:29] [main/WARN]: Ignoring chunk since it's not in the view range: -8, 3
[14:58:29] [main/WARN]: Ignoring chunk since it's not in the view range: -3, 8
[14:58:29] [main/WARN]: Ignoring chunk since it's not in the view range: 3, 8
[14:58:29] [main/WARN]: Ignoring chunk since it's not in the view range: 8, 3
[14:58:29] [main/WARN]: Ignoring chunk since it's not in the view range: 8, -3
[14:58:29] [main/WARN]: Ignoring chunk since it's not in the view range: 3, -8
[14:58:29] [main/WARN]: Ignoring chunk since it's not in the view range: -3, -8
[14:58:29] [main/WARN]: Ignoring chunk since it's not in the view range: -7, -4
[14:58:29] [main/WARN]: Ignoring chunk since it's not in the view range: -7, 4
[14:58:29] [main/WARN]: Ignoring chunk since it's not in the view range: -4, 7
[14:58:29] [main/WARN]: Ignoring chunk since it's not in the view range: 4, 7
[14:58:29] [main/WARN]: Ignoring chunk since it's not in the view range: 7, 4
[14:58:29] [main/WARN]: Ignoring chunk since it's not in the view range: 7, -4
[14:58:29] [main/WARN]: Ignoring chunk since it's not in the view range: 4, -7
[14:58:29] [main/WARN]: Ignoring chunk since it's not in the view range: -4, -7
[14:58:29] [main/WARN]: Ignoring chunk since it's not in the view range: -8, -4
[14:58:29] [main/WARN]: Ignoring chunk since it's not in the view range: -8, 4
[14:58:29] [main/WARN]: Ignoring chunk since it's not in the view range: -4, 8
[14:58:29] [main/WARN]: Ignoring chunk since it's not in the view range: 4, 8
[14:58:29] [main/WARN]: Ignoring chunk since it's not in the view range: 8, 4
[14:58:29] [main/WARN]: Ignoring chunk since it's not in the view range: 8, -4
[14:58:29] [main/WARN]: Ignoring chunk since it's not in the view range: 4, -8
[14:58:29] [main/WARN]: Ignoring chunk since it's not in the view range: -4, -8
[14:58:29] [main/WARN]: Ignoring chunk since it's not in the view range: -7, -5
[14:58:29] [main/WARN]: Ignoring chunk since it's not in the view range: -7, 5
[14:58:29] [main/WARN]: Ignoring chunk since it's not in the view range: -5, 7
[14:58:29] [main/WARN]: Ignoring chunk since it's not in the view range: 5, 7
[14:58:29] [main/WARN]: Ignoring chunk since it's not in the view range: 7, 5
[14:58:29] [main/WARN]: Ignoring chunk since it's not in the view range: 7, -5
[14:58:29] [main/WARN]: Ignoring chunk since it's not in the view range: 5, -7
[14:58:29] [main/WARN]: Ignoring chunk since it's not in the view range: -5, -7
[14:58:29] [main/WARN]: Ignoring chunk since it's not in the view range: -8, -5
[14:58:29] [main/WARN]: Ignoring chunk since it's not in the view range: -8, 5
[14:58:29] [main/WARN]: Ignoring chunk since it's not in the view range: -5, 8
[14:58:29] [main/WARN]: Ignoring chunk since it's not in the view range: 5, 8
[14:58:29] [main/WARN]: Ignoring chunk since it's not in the view range: 8, 5
[14:58:29] [main/WARN]: Ignoring chunk since it's not in the view range: 8, -5
[14:58:29] [main/WARN]: Ignoring chunk since it's not in the view range: 5, -8
[14:58:29] [main/WARN]: Ignoring chunk since it's not in the view range: -5, -8
[14:58:29] [main/WARN]: Ignoring chunk since it's not in the view range: -7, -6
[14:58:29] [main/WARN]: Ignoring chunk since it's not in the view range: -7, 6
[14:58:29] [main/WARN]: Ignoring chunk since it's not in the view range: -6, 7
[14:58:29] [main/WARN]: Ignoring chunk since it's not in the view range: 6, 7
[14:58:29] [main/WARN]: Ignoring chunk since it's not in the view range: 7, 6
[14:58:29] [main/WARN]: Ignoring chunk since it's not in the view range: 7, -6
[14:58:29] [main/WARN]: Ignoring chunk since it's not in the view range: 6, -7
[14:58:29] [main/WARN]: Ignoring chunk since it's not in the view range: -6, -7
[14:58:29] [main/WARN]: Ignoring chunk since it's not in the view range: -8, -6
[14:58:29] [main/WARN]: Ignoring chunk since it's not in the view range: -8, 6
[14:58:29] [main/WARN]: Ignoring chunk since it's not in the view range: -6, 8
[14:58:29] [main/WARN]: Ignoring chunk since it's not in the view range: 6, 8
[14:58:29] [main/WARN]: Ignoring chunk since it's not in the view range: 8, 6
[14:58:29] [main/WARN]: Ignoring chunk since it's not in the view range: 8, -6
[14:58:29] [main/WARN]: Ignoring chunk since it's not in the view range: 6, -8
[14:58:29] [main/WARN]: Ignoring chunk since it's not in the view range: -6, -8
[14:58:29] [main/WARN]: Ignoring chunk since it's not in the view range: -7, -7
[14:58:29] [main/WARN]: Ignoring chunk since it's not in the view range: -7, 7
[14:58:29] [main/WARN]: Ignoring chunk since it's not in the view range: 7, 7
[14:58:29] [main/WARN]: Ignoring chunk since it's not in the view range: 7, -7
[14:58:29] [main/WARN]: Ignoring chunk since it's not in the view range: -8, -7
[14:58:29] [main/WARN]: Ignoring chunk since it's not in the view range: -8, 7
[14:58:29] [main/WARN]: Ignoring chunk since it's not in the view range: -7, 8
[14:58:29] [main/WARN]: Ignoring chunk since it's not in the view range: 7, 8
[14:58:29] [main/WARN]: Ignoring chunk since it's not in the view range: 8, 7
[14:58:29] [main/WARN]: Ignoring chunk since it's not in the view range: 8, -7
[14:58:29] [main/WARN]: Ignoring chunk since it's not in the view range: 7, -8
[14:58:29] [main/WARN]: Ignoring chunk since it's not in the view range: -7, -8
[14:58:29] [main/WARN]: Ignoring chunk since it's not in the view range: -8, -8
[14:58:29] [main/WARN]: Ignoring chunk since it's not in the view range: -8, 8
[14:58:29] [main/WARN]: Ignoring chunk since it's not in the view range: 8, 8
[14:58:29] [main/WARN]: Ignoring chunk since it's not in the view range: 8, -8
[14:58:32] [main/INFO]: [CHAT] ** ! Внимание !\n** Чтобы ваш Аккаунт был в БЕЗОПАСНОСТИ!\n** Привяжите его к ВК: /vk \n** Или к Телеграм: /tg \n \n** ! Внимание !\n** Чтобы ваш Аккаунт был в БЕЗОПАСНОСТИ!\n** Привяжите его к ВК: /vk \n** Или к Телеграм: /tg 
[14:58:39] [ForkJoinPool.commonPool-worker-8/INFO]: [STDOUT]: Saving region 0,-1 to disk .\baritone\funtime.su\cache
[14:58:39] [ForkJoinPool.commonPool-worker-4/INFO]: [STDOUT]: Saving region 0,0 to disk .\baritone\funtime.su\cache
[14:58:39] [pool-11-thread-16/INFO]: [STDOUT]: Saving region -1,0 to disk .\baritone\funtime.su\cache
[14:58:39] [ForkJoinPool.commonPool-worker-7/INFO]: [STDOUT]: Saving region -1,-1 to disk .\baritone\funtime.su\cache
[14:58:39] [ForkJoinPool.commonPool-worker-7/INFO]: [STDOUT]: Saved region successfully
[14:58:39] [pool-11-thread-16/INFO]: [STDOUT]: Saved region successfully
[14:58:39] [ForkJoinPool.commonPool-worker-8/INFO]: [STDOUT]: Saved region successfully
[14:58:39] [ForkJoinPool.commonPool-worker-4/INFO]: [STDOUT]: Saved region successfully
[14:58:39] [pool-11-thread-16/INFO]: [STDOUT]: World save took 18ms
[14:58:41] [main/INFO]: Environment: authHost='https://authserver.mojang.com', accountsHost='https://api.mojang.com', sessionHost='https://sessionserver.mojang.com', servicesHost='https://api.minecraftservices.com', name='PROD'
[14:58:41] [pool-11-thread-14/INFO]: [STDOUT]: Started saving the world in a new thread
[14:58:41] [pool-11-thread-14/INFO]: [STDOUT]: World save took 0ms
[14:58:41] [pool-11-thread-14/INFO]: [STDOUT]: mc.world loaded unnoticed! Loading Baritone cache now.
[14:58:41] [main/INFO]: [STDOUT]: Baritone world data dir: .\baritone\funtime.su\dimensions\minecraft\lobby
[14:58:41] [pool-11-thread-14/INFO]: [STDOUT]: Baritone world data dir: .\baritone\funtime.su\dimensions\minecraft\lobby
[14:58:41] [main/INFO]: [STDOUT]: Cached world directory: .\baritone\funtime.su\dimensions\minecraft\lobby\cache
[14:58:41] [main/INFO]: [STDOUT]: Would save waypoints to .\baritone\funtime.su\dimensions\minecraft\lobby\waypoints
[14:58:41] [main/INFO]: Environment: authHost='https://authserver.mojang.com', accountsHost='https://api.mojang.com', sessionHost='https://sessionserver.mojang.com', servicesHost='https://api.minecraftservices.com', name='PROD'
[14:58:41] [pool-11-thread-14/INFO]: [STDOUT]: Started saving the world in a new thread
[14:58:41] [pool-11-thread-14/INFO]: [STDOUT]: World save took 0ms
[14:58:41] [pool-11-thread-14/INFO]: [STDOUT]: mc.world loaded unnoticed! Loading Baritone cache now.
[14:58:41] [pool-11-thread-14/INFO]: [STDOUT]: Baritone world data dir: .\baritone\funtime.su\dimensions\minecraft\lobby
[14:58:41] [main/INFO]: [STDOUT]: Baritone world data dir: .\baritone\funtime.su\dimensions\minecraft\lobby
[14:58:41] [main/INFO]: [STDOUT]: Received packet on channel: minecraft:register
[14:58:41] [main/WARN]: Unknown custom packed identifier: minecraft:register
[14:58:41] [main/INFO]: [STDOUT]: Received packet on channel: minecraft:brand
[14:58:42] [pool-11-thread-17/INFO]: [STDOUT]: Loading region -1,-1 from disk .\baritone\funtime.su\dimensions\minecraft\lobby\cache
[14:58:42] [main/INFO]: Loaded 0 advancements
[14:58:42] [pool-11-thread-17/INFO]: [STDOUT]: Loaded region successfully in 28ms
[14:58:42] [pool-11-thread-17/INFO]: [STDOUT]: Loading region -1,0 from disk .\baritone\funtime.su\dimensions\minecraft\lobby\cache
[14:58:42] [pool-11-thread-17/INFO]: [STDOUT]: Loaded region successfully in 374ms
[14:58:42] [pool-11-thread-17/INFO]: [STDOUT]: Loading region 0,-1 from disk .\baritone\funtime.su\dimensions\minecraft\lobby\cache
[14:58:42] [pool-11-thread-17/INFO]: [STDOUT]: Loaded region successfully in 13ms
[14:58:42] [pool-11-thread-17/INFO]: [STDOUT]: Loading region 0,0 from disk .\baritone\funtime.su\dimensions\minecraft\lobby\cache
[14:58:42] [pool-11-thread-17/INFO]: [STDOUT]: Loaded region successfully in 30ms
[14:58:42] [main/FATAL]: Error executing task on Client
java.lang.NullPointerException: Cannot invoke "net.minecraft.block.material.MaterialColor.getMapColor(int)" because "net.minecraft.block.material.MaterialColor.COLORS[...]" is null
	at net.minecraft.client.gui.MapItemRenderer$Instance.updateMapTexture(MapItemRenderer.java:122) ~[test/:?]
	at net.minecraft.client.gui.MapItemRenderer.updateMapTexture(MapItemRenderer.java:39) ~[test/:?]
	at net.minecraft.client.network.play.ClientPlayNetHandler.handleMaps(ClientPlayNetHandler.java:1353) ~[test/:?]
	at net.minecraft.network.play.server.SMapDataPacket.processPacket(SMapDataPacket.java:123) ~[test/:?]
	at net.minecraft.network.play.server.SMapDataPacket.processPacket(SMapDataPacket.java:11) ~[test/:?]
	at net.minecraft.network.PacketThreadUtil.lambda$checkThreadAndEnqueue$0(PacketThreadUtil.java:35) ~[test/:?]
	at net.optifine.util.PacketRunnable.run(PacketRunnable.java:18) ~[test/:?]
	at net.minecraft.util.concurrent.ThreadTaskExecutor.run(ThreadTaskExecutor.java:192) [test/:?]
	at net.minecraft.util.concurrent.RecursiveEventLoop.run(RecursiveEventLoop.java:28) [test/:?]
	at net.minecraft.util.concurrent.ThreadTaskExecutor.driveOne(ThreadTaskExecutor.java:154) [test/:?]
	at net.minecraft.util.concurrent.ThreadTaskExecutor.drainTasks(ThreadTaskExecutor.java:129) [test/:?]
	at net.minecraft.client.Minecraft.runGameLoop(Minecraft.java:953) [test/:?]
	at net.minecraft.client.Minecraft.run(Minecraft.java:542) [test/:?]
	at net.minecraft.client.main.Main.main(Main.java:214) [test/:?]
	at Start.main(Start.java:8) [test/:?]
[14:58:42] [main/FATAL]: Error executing task on Client
java.lang.NullPointerException: Cannot invoke "net.minecraft.block.material.MaterialColor.getMapColor(int)" because "net.minecraft.block.material.MaterialColor.COLORS[...]" is null
	at net.minecraft.client.gui.MapItemRenderer$Instance.updateMapTexture(MapItemRenderer.java:122) ~[test/:?]
	at net.minecraft.client.gui.MapItemRenderer.updateMapTexture(MapItemRenderer.java:39) ~[test/:?]
	at net.minecraft.client.network.play.ClientPlayNetHandler.handleMaps(ClientPlayNetHandler.java:1353) ~[test/:?]
	at net.minecraft.network.play.server.SMapDataPacket.processPacket(SMapDataPacket.java:123) ~[test/:?]
	at net.minecraft.network.play.server.SMapDataPacket.processPacket(SMapDataPacket.java:11) ~[test/:?]
	at net.minecraft.network.PacketThreadUtil.lambda$checkThreadAndEnqueue$0(PacketThreadUtil.java:35) ~[test/:?]
	at net.optifine.util.PacketRunnable.run(PacketRunnable.java:18) ~[test/:?]
	at net.minecraft.util.concurrent.ThreadTaskExecutor.run(ThreadTaskExecutor.java:192) [test/:?]
	at net.minecraft.util.concurrent.RecursiveEventLoop.run(RecursiveEventLoop.java:28) [test/:?]
	at net.minecraft.util.concurrent.ThreadTaskExecutor.driveOne(ThreadTaskExecutor.java:154) [test/:?]
	at net.minecraft.util.concurrent.ThreadTaskExecutor.drainTasks(ThreadTaskExecutor.java:129) [test/:?]
	at net.minecraft.client.Minecraft.runGameLoop(Minecraft.java:953) [test/:?]
	at net.minecraft.client.Minecraft.run(Minecraft.java:542) [test/:?]
	at net.minecraft.client.main.Main.main(Main.java:214) [test/:?]
	at Start.main(Start.java:8) [test/:?]
[14:58:42] [main/FATAL]: Error executing task on Client
java.lang.NullPointerException: Cannot invoke "net.minecraft.block.material.MaterialColor.getMapColor(int)" because "net.minecraft.block.material.MaterialColor.COLORS[...]" is null
	at net.minecraft.client.gui.MapItemRenderer$Instance.updateMapTexture(MapItemRenderer.java:122) ~[test/:?]
	at net.minecraft.client.gui.MapItemRenderer.updateMapTexture(MapItemRenderer.java:39) ~[test/:?]
	at net.minecraft.client.network.play.ClientPlayNetHandler.handleMaps(ClientPlayNetHandler.java:1353) ~[test/:?]
	at net.minecraft.network.play.server.SMapDataPacket.processPacket(SMapDataPacket.java:123) ~[test/:?]
	at net.minecraft.network.play.server.SMapDataPacket.processPacket(SMapDataPacket.java:11) ~[test/:?]
	at net.minecraft.network.PacketThreadUtil.lambda$checkThreadAndEnqueue$0(PacketThreadUtil.java:35) ~[test/:?]
	at net.optifine.util.PacketRunnable.run(PacketRunnable.java:18) ~[test/:?]
	at net.minecraft.util.concurrent.ThreadTaskExecutor.run(ThreadTaskExecutor.java:192) [test/:?]
	at net.minecraft.util.concurrent.RecursiveEventLoop.run(RecursiveEventLoop.java:28) [test/:?]
	at net.minecraft.util.concurrent.ThreadTaskExecutor.driveOne(ThreadTaskExecutor.java:154) [test/:?]
	at net.minecraft.util.concurrent.ThreadTaskExecutor.drainTasks(ThreadTaskExecutor.java:129) [test/:?]
	at net.minecraft.client.Minecraft.runGameLoop(Minecraft.java:953) [test/:?]
	at net.minecraft.client.Minecraft.run(Minecraft.java:542) [test/:?]
	at net.minecraft.client.main.Main.main(Main.java:214) [test/:?]
	at Start.main(Start.java:8) [test/:?]
[14:58:42] [main/FATAL]: Error executing task on Client
java.lang.NullPointerException: Cannot invoke "net.minecraft.block.material.MaterialColor.getMapColor(int)" because "net.minecraft.block.material.MaterialColor.COLORS[...]" is null
	at net.minecraft.client.gui.MapItemRenderer$Instance.updateMapTexture(MapItemRenderer.java:122) ~[test/:?]
	at net.minecraft.client.gui.MapItemRenderer.updateMapTexture(MapItemRenderer.java:39) ~[test/:?]
	at net.minecraft.client.network.play.ClientPlayNetHandler.handleMaps(ClientPlayNetHandler.java:1353) ~[test/:?]
	at net.minecraft.network.play.server.SMapDataPacket.processPacket(SMapDataPacket.java:123) ~[test/:?]
	at net.minecraft.network.play.server.SMapDataPacket.processPacket(SMapDataPacket.java:11) ~[test/:?]
	at net.minecraft.network.PacketThreadUtil.lambda$checkThreadAndEnqueue$0(PacketThreadUtil.java:35) ~[test/:?]
	at net.optifine.util.PacketRunnable.run(PacketRunnable.java:18) ~[test/:?]
	at net.minecraft.util.concurrent.ThreadTaskExecutor.run(ThreadTaskExecutor.java:192) [test/:?]
	at net.minecraft.util.concurrent.RecursiveEventLoop.run(RecursiveEventLoop.java:28) [test/:?]
	at net.minecraft.util.concurrent.ThreadTaskExecutor.driveOne(ThreadTaskExecutor.java:154) [test/:?]
	at net.minecraft.util.concurrent.ThreadTaskExecutor.drainTasks(ThreadTaskExecutor.java:129) [test/:?]
	at net.minecraft.client.Minecraft.runGameLoop(Minecraft.java:953) [test/:?]
	at net.minecraft.client.Minecraft.run(Minecraft.java:542) [test/:?]
	at net.minecraft.client.main.Main.main(Main.java:214) [test/:?]
	at Start.main(Start.java:8) [test/:?]
[14:58:42] [main/FATAL]: Error executing task on Client
java.lang.NullPointerException: Cannot invoke "net.minecraft.block.material.MaterialColor.getMapColor(int)" because "net.minecraft.block.material.MaterialColor.COLORS[...]" is null
	at net.minecraft.client.gui.MapItemRenderer$Instance.updateMapTexture(MapItemRenderer.java:122) ~[test/:?]
	at net.minecraft.client.gui.MapItemRenderer.updateMapTexture(MapItemRenderer.java:39) ~[test/:?]
	at net.minecraft.client.network.play.ClientPlayNetHandler.handleMaps(ClientPlayNetHandler.java:1353) ~[test/:?]
	at net.minecraft.network.play.server.SMapDataPacket.processPacket(SMapDataPacket.java:123) ~[test/:?]
	at net.minecraft.network.play.server.SMapDataPacket.processPacket(SMapDataPacket.java:11) ~[test/:?]
	at net.minecraft.network.PacketThreadUtil.lambda$checkThreadAndEnqueue$0(PacketThreadUtil.java:35) ~[test/:?]
	at net.optifine.util.PacketRunnable.run(PacketRunnable.java:18) ~[test/:?]
	at net.minecraft.util.concurrent.ThreadTaskExecutor.run(ThreadTaskExecutor.java:192) [test/:?]
	at net.minecraft.util.concurrent.RecursiveEventLoop.run(RecursiveEventLoop.java:28) [test/:?]
	at net.minecraft.util.concurrent.ThreadTaskExecutor.driveOne(ThreadTaskExecutor.java:154) [test/:?]
	at net.minecraft.util.concurrent.ThreadTaskExecutor.drainTasks(ThreadTaskExecutor.java:129) [test/:?]
	at net.minecraft.client.Minecraft.runGameLoop(Minecraft.java:953) [test/:?]
	at net.minecraft.client.Minecraft.run(Minecraft.java:542) [test/:?]
	at net.minecraft.client.main.Main.main(Main.java:214) [test/:?]
	at Start.main(Start.java:8) [test/:?]
[14:58:42] [main/FATAL]: Error executing task on Client
java.lang.NullPointerException: Cannot invoke "net.minecraft.block.material.MaterialColor.getMapColor(int)" because "net.minecraft.block.material.MaterialColor.COLORS[...]" is null
	at net.minecraft.client.gui.MapItemRenderer$Instance.updateMapTexture(MapItemRenderer.java:122) ~[test/:?]
	at net.minecraft.client.gui.MapItemRenderer.updateMapTexture(MapItemRenderer.java:39) ~[test/:?]
	at net.minecraft.client.network.play.ClientPlayNetHandler.handleMaps(ClientPlayNetHandler.java:1353) ~[test/:?]
	at net.minecraft.network.play.server.SMapDataPacket.processPacket(SMapDataPacket.java:123) ~[test/:?]
	at net.minecraft.network.play.server.SMapDataPacket.processPacket(SMapDataPacket.java:11) ~[test/:?]
	at net.minecraft.network.PacketThreadUtil.lambda$checkThreadAndEnqueue$0(PacketThreadUtil.java:35) ~[test/:?]
	at net.optifine.util.PacketRunnable.run(PacketRunnable.java:18) ~[test/:?]
	at net.minecraft.util.concurrent.ThreadTaskExecutor.run(ThreadTaskExecutor.java:192) [test/:?]
	at net.minecraft.util.concurrent.RecursiveEventLoop.run(RecursiveEventLoop.java:28) [test/:?]
	at net.minecraft.util.concurrent.ThreadTaskExecutor.driveOne(ThreadTaskExecutor.java:154) [test/:?]
	at net.minecraft.util.concurrent.ThreadTaskExecutor.drainTasks(ThreadTaskExecutor.java:129) [test/:?]
	at net.minecraft.client.Minecraft.runGameLoop(Minecraft.java:953) [test/:?]
	at net.minecraft.client.Minecraft.run(Minecraft.java:542) [test/:?]
	at net.minecraft.client.main.Main.main(Main.java:214) [test/:?]
	at Start.main(Start.java:8) [test/:?]
[14:58:42] [main/FATAL]: Error executing task on Client
java.lang.NullPointerException: Cannot invoke "net.minecraft.block.material.MaterialColor.getMapColor(int)" because "net.minecraft.block.material.MaterialColor.COLORS[...]" is null
	at net.minecraft.client.gui.MapItemRenderer$Instance.updateMapTexture(MapItemRenderer.java:122) ~[test/:?]
	at net.minecraft.client.gui.MapItemRenderer.updateMapTexture(MapItemRenderer.java:39) ~[test/:?]
	at net.minecraft.client.network.play.ClientPlayNetHandler.handleMaps(ClientPlayNetHandler.java:1353) ~[test/:?]
	at net.minecraft.network.play.server.SMapDataPacket.processPacket(SMapDataPacket.java:123) ~[test/:?]
	at net.minecraft.network.play.server.SMapDataPacket.processPacket(SMapDataPacket.java:11) ~[test/:?]
	at net.minecraft.network.PacketThreadUtil.lambda$checkThreadAndEnqueue$0(PacketThreadUtil.java:35) ~[test/:?]
	at net.optifine.util.PacketRunnable.run(PacketRunnable.java:18) ~[test/:?]
	at net.minecraft.util.concurrent.ThreadTaskExecutor.run(ThreadTaskExecutor.java:192) [test/:?]
	at net.minecraft.util.concurrent.RecursiveEventLoop.run(RecursiveEventLoop.java:28) [test/:?]
	at net.minecraft.util.concurrent.ThreadTaskExecutor.driveOne(ThreadTaskExecutor.java:154) [test/:?]
	at net.minecraft.util.concurrent.ThreadTaskExecutor.drainTasks(ThreadTaskExecutor.java:129) [test/:?]
	at net.minecraft.client.Minecraft.runGameLoop(Minecraft.java:953) [test/:?]
	at net.minecraft.client.Minecraft.run(Minecraft.java:542) [test/:?]
	at net.minecraft.client.main.Main.main(Main.java:214) [test/:?]
	at Start.main(Start.java:8) [test/:?]
[14:58:42] [main/FATAL]: Error executing task on Client
java.lang.NullPointerException: Cannot invoke "net.minecraft.block.material.MaterialColor.getMapColor(int)" because "net.minecraft.block.material.MaterialColor.COLORS[...]" is null
	at net.minecraft.client.gui.MapItemRenderer$Instance.updateMapTexture(MapItemRenderer.java:122) ~[test/:?]
	at net.minecraft.client.gui.MapItemRenderer.updateMapTexture(MapItemRenderer.java:39) ~[test/:?]
	at net.minecraft.client.network.play.ClientPlayNetHandler.handleMaps(ClientPlayNetHandler.java:1353) ~[test/:?]
	at net.minecraft.network.play.server.SMapDataPacket.processPacket(SMapDataPacket.java:123) ~[test/:?]
	at net.minecraft.network.play.server.SMapDataPacket.processPacket(SMapDataPacket.java:11) ~[test/:?]
	at net.minecraft.network.PacketThreadUtil.lambda$checkThreadAndEnqueue$0(PacketThreadUtil.java:35) ~[test/:?]
	at net.optifine.util.PacketRunnable.run(PacketRunnable.java:18) ~[test/:?]
	at net.minecraft.util.concurrent.ThreadTaskExecutor.run(ThreadTaskExecutor.java:192) [test/:?]
	at net.minecraft.util.concurrent.RecursiveEventLoop.run(RecursiveEventLoop.java:28) [test/:?]
	at net.minecraft.util.concurrent.ThreadTaskExecutor.driveOne(ThreadTaskExecutor.java:154) [test/:?]
	at net.minecraft.util.concurrent.ThreadTaskExecutor.drainTasks(ThreadTaskExecutor.java:129) [test/:?]
	at net.minecraft.client.Minecraft.runGameLoop(Minecraft.java:953) [test/:?]
	at net.minecraft.client.Minecraft.run(Minecraft.java:542) [test/:?]
	at net.minecraft.client.main.Main.main(Main.java:214) [test/:?]
	at Start.main(Start.java:8) [test/:?]
[14:58:42] [main/FATAL]: Error executing task on Client
java.lang.NullPointerException: Cannot invoke "net.minecraft.block.material.MaterialColor.getMapColor(int)" because "net.minecraft.block.material.MaterialColor.COLORS[...]" is null
	at net.minecraft.client.gui.MapItemRenderer$Instance.updateMapTexture(MapItemRenderer.java:122) ~[test/:?]
	at net.minecraft.client.gui.MapItemRenderer.updateMapTexture(MapItemRenderer.java:39) ~[test/:?]
	at net.minecraft.client.network.play.ClientPlayNetHandler.handleMaps(ClientPlayNetHandler.java:1353) ~[test/:?]
	at net.minecraft.network.play.server.SMapDataPacket.processPacket(SMapDataPacket.java:123) ~[test/:?]
	at net.minecraft.network.play.server.SMapDataPacket.processPacket(SMapDataPacket.java:11) ~[test/:?]
	at net.minecraft.network.PacketThreadUtil.lambda$checkThreadAndEnqueue$0(PacketThreadUtil.java:35) ~[test/:?]
	at net.optifine.util.PacketRunnable.run(PacketRunnable.java:18) ~[test/:?]
	at net.minecraft.util.concurrent.ThreadTaskExecutor.run(ThreadTaskExecutor.java:192) [test/:?]
	at net.minecraft.util.concurrent.RecursiveEventLoop.run(RecursiveEventLoop.java:28) [test/:?]
	at net.minecraft.util.concurrent.ThreadTaskExecutor.driveOne(ThreadTaskExecutor.java:154) [test/:?]
	at net.minecraft.util.concurrent.ThreadTaskExecutor.drainTasks(ThreadTaskExecutor.java:129) [test/:?]
	at net.minecraft.client.Minecraft.runGameLoop(Minecraft.java:953) [test/:?]
	at net.minecraft.client.Minecraft.run(Minecraft.java:542) [test/:?]
	at net.minecraft.client.main.Main.main(Main.java:214) [test/:?]
	at Start.main(Start.java:8) [test/:?]
[14:58:42] [main/FATAL]: Error executing task on Client
java.lang.NullPointerException: Cannot invoke "net.minecraft.block.material.MaterialColor.getMapColor(int)" because "net.minecraft.block.material.MaterialColor.COLORS[...]" is null
	at net.minecraft.client.gui.MapItemRenderer$Instance.updateMapTexture(MapItemRenderer.java:122) ~[test/:?]
	at net.minecraft.client.gui.MapItemRenderer.updateMapTexture(MapItemRenderer.java:39) ~[test/:?]
	at net.minecraft.client.network.play.ClientPlayNetHandler.handleMaps(ClientPlayNetHandler.java:1353) ~[test/:?]
	at net.minecraft.network.play.server.SMapDataPacket.processPacket(SMapDataPacket.java:123) ~[test/:?]
	at net.minecraft.network.play.server.SMapDataPacket.processPacket(SMapDataPacket.java:11) ~[test/:?]
	at net.minecraft.network.PacketThreadUtil.lambda$checkThreadAndEnqueue$0(PacketThreadUtil.java:35) ~[test/:?]
	at net.optifine.util.PacketRunnable.run(PacketRunnable.java:18) ~[test/:?]
	at net.minecraft.util.concurrent.ThreadTaskExecutor.run(ThreadTaskExecutor.java:192) [test/:?]
	at net.minecraft.util.concurrent.RecursiveEventLoop.run(RecursiveEventLoop.java:28) [test/:?]
	at net.minecraft.util.concurrent.ThreadTaskExecutor.driveOne(ThreadTaskExecutor.java:154) [test/:?]
	at net.minecraft.util.concurrent.ThreadTaskExecutor.drainTasks(ThreadTaskExecutor.java:129) [test/:?]
	at net.minecraft.client.Minecraft.runGameLoop(Minecraft.java:953) [test/:?]
	at net.minecraft.client.Minecraft.run(Minecraft.java:542) [test/:?]
	at net.minecraft.client.main.Main.main(Main.java:214) [test/:?]
	at Start.main(Start.java:8) [test/:?]
[14:58:42] [main/FATAL]: Error executing task on Client
java.lang.NullPointerException: Cannot invoke "net.minecraft.block.material.MaterialColor.getMapColor(int)" because "net.minecraft.block.material.MaterialColor.COLORS[...]" is null
	at net.minecraft.client.gui.MapItemRenderer$Instance.updateMapTexture(MapItemRenderer.java:122) ~[test/:?]
	at net.minecraft.client.gui.MapItemRenderer.updateMapTexture(MapItemRenderer.java:39) ~[test/:?]
	at net.minecraft.client.network.play.ClientPlayNetHandler.handleMaps(ClientPlayNetHandler.java:1353) ~[test/:?]
	at net.minecraft.network.play.server.SMapDataPacket.processPacket(SMapDataPacket.java:123) ~[test/:?]
	at net.minecraft.network.play.server.SMapDataPacket.processPacket(SMapDataPacket.java:11) ~[test/:?]
	at net.minecraft.network.PacketThreadUtil.lambda$checkThreadAndEnqueue$0(PacketThreadUtil.java:35) ~[test/:?]
	at net.optifine.util.PacketRunnable.run(PacketRunnable.java:18) ~[test/:?]
	at net.minecraft.util.concurrent.ThreadTaskExecutor.run(ThreadTaskExecutor.java:192) [test/:?]
	at net.minecraft.util.concurrent.RecursiveEventLoop.run(RecursiveEventLoop.java:28) [test/:?]
	at net.minecraft.util.concurrent.ThreadTaskExecutor.driveOne(ThreadTaskExecutor.java:154) [test/:?]
	at net.minecraft.util.concurrent.ThreadTaskExecutor.drainTasks(ThreadTaskExecutor.java:129) [test/:?]
	at net.minecraft.client.Minecraft.runGameLoop(Minecraft.java:953) [test/:?]
	at net.minecraft.client.Minecraft.run(Minecraft.java:542) [test/:?]
	at net.minecraft.client.main.Main.main(Main.java:214) [test/:?]
	at Start.main(Start.java:8) [test/:?]
[14:58:42] [main/FATAL]: Error executing task on Client
java.lang.NullPointerException: Cannot invoke "net.minecraft.block.material.MaterialColor.getMapColor(int)" because "net.minecraft.block.material.MaterialColor.COLORS[...]" is null
	at net.minecraft.client.gui.MapItemRenderer$Instance.updateMapTexture(MapItemRenderer.java:122) ~[test/:?]
	at net.minecraft.client.gui.MapItemRenderer.updateMapTexture(MapItemRenderer.java:39) ~[test/:?]
	at net.minecraft.client.network.play.ClientPlayNetHandler.handleMaps(ClientPlayNetHandler.java:1353) ~[test/:?]
	at net.minecraft.network.play.server.SMapDataPacket.processPacket(SMapDataPacket.java:123) ~[test/:?]
	at net.minecraft.network.play.server.SMapDataPacket.processPacket(SMapDataPacket.java:11) ~[test/:?]
	at net.minecraft.network.PacketThreadUtil.lambda$checkThreadAndEnqueue$0(PacketThreadUtil.java:35) ~[test/:?]
	at net.optifine.util.PacketRunnable.run(PacketRunnable.java:18) ~[test/:?]
	at net.minecraft.util.concurrent.ThreadTaskExecutor.run(ThreadTaskExecutor.java:192) [test/:?]
	at net.minecraft.util.concurrent.RecursiveEventLoop.run(RecursiveEventLoop.java:28) [test/:?]
	at net.minecraft.util.concurrent.ThreadTaskExecutor.driveOne(ThreadTaskExecutor.java:154) [test/:?]
	at net.minecraft.util.concurrent.ThreadTaskExecutor.drainTasks(ThreadTaskExecutor.java:129) [test/:?]
	at net.minecraft.client.Minecraft.runGameLoop(Minecraft.java:953) [test/:?]
	at net.minecraft.client.Minecraft.run(Minecraft.java:542) [test/:?]
	at net.minecraft.client.main.Main.main(Main.java:214) [test/:?]
	at Start.main(Start.java:8) [test/:?]
[14:58:42] [main/FATAL]: Error executing task on Client
java.lang.NullPointerException: Cannot invoke "net.minecraft.block.material.MaterialColor.getMapColor(int)" because "net.minecraft.block.material.MaterialColor.COLORS[...]" is null
	at net.minecraft.client.gui.MapItemRenderer$Instance.updateMapTexture(MapItemRenderer.java:122) ~[test/:?]
	at net.minecraft.client.gui.MapItemRenderer.updateMapTexture(MapItemRenderer.java:39) ~[test/:?]
	at net.minecraft.client.network.play.ClientPlayNetHandler.handleMaps(ClientPlayNetHandler.java:1353) ~[test/:?]
	at net.minecraft.network.play.server.SMapDataPacket.processPacket(SMapDataPacket.java:123) ~[test/:?]
	at net.minecraft.network.play.server.SMapDataPacket.processPacket(SMapDataPacket.java:11) ~[test/:?]
	at net.minecraft.network.PacketThreadUtil.lambda$checkThreadAndEnqueue$0(PacketThreadUtil.java:35) ~[test/:?]
	at net.optifine.util.PacketRunnable.run(PacketRunnable.java:18) ~[test/:?]
	at net.minecraft.util.concurrent.ThreadTaskExecutor.run(ThreadTaskExecutor.java:192) [test/:?]
	at net.minecraft.util.concurrent.RecursiveEventLoop.run(RecursiveEventLoop.java:28) [test/:?]
	at net.minecraft.util.concurrent.ThreadTaskExecutor.driveOne(ThreadTaskExecutor.java:154) [test/:?]
	at net.minecraft.util.concurrent.ThreadTaskExecutor.drainTasks(ThreadTaskExecutor.java:129) [test/:?]
	at net.minecraft.client.Minecraft.runGameLoop(Minecraft.java:953) [test/:?]
	at net.minecraft.client.Minecraft.run(Minecraft.java:542) [test/:?]
	at net.minecraft.client.main.Main.main(Main.java:214) [test/:?]
	at Start.main(Start.java:8) [test/:?]
[14:58:42] [main/FATAL]: Error executing task on Client
java.lang.NullPointerException: Cannot invoke "net.minecraft.block.material.MaterialColor.getMapColor(int)" because "net.minecraft.block.material.MaterialColor.COLORS[...]" is null
	at net.minecraft.client.gui.MapItemRenderer$Instance.updateMapTexture(MapItemRenderer.java:122) ~[test/:?]
	at net.minecraft.client.gui.MapItemRenderer.updateMapTexture(MapItemRenderer.java:39) ~[test/:?]
	at net.minecraft.client.network.play.ClientPlayNetHandler.handleMaps(ClientPlayNetHandler.java:1353) ~[test/:?]
	at net.minecraft.network.play.server.SMapDataPacket.processPacket(SMapDataPacket.java:123) ~[test/:?]
	at net.minecraft.network.play.server.SMapDataPacket.processPacket(SMapDataPacket.java:11) ~[test/:?]
	at net.minecraft.network.PacketThreadUtil.lambda$checkThreadAndEnqueue$0(PacketThreadUtil.java:35) ~[test/:?]
	at net.optifine.util.PacketRunnable.run(PacketRunnable.java:18) ~[test/:?]
	at net.minecraft.util.concurrent.ThreadTaskExecutor.run(ThreadTaskExecutor.java:192) [test/:?]
	at net.minecraft.util.concurrent.RecursiveEventLoop.run(RecursiveEventLoop.java:28) [test/:?]
	at net.minecraft.util.concurrent.ThreadTaskExecutor.driveOne(ThreadTaskExecutor.java:154) [test/:?]
	at net.minecraft.util.concurrent.ThreadTaskExecutor.drainTasks(ThreadTaskExecutor.java:129) [test/:?]
	at net.minecraft.client.Minecraft.runGameLoop(Minecraft.java:953) [test/:?]
	at net.minecraft.client.Minecraft.run(Minecraft.java:542) [test/:?]
	at net.minecraft.client.main.Main.main(Main.java:214) [test/:?]
	at Start.main(Start.java:8) [test/:?]
[14:58:42] [main/FATAL]: Error executing task on Client
java.lang.NullPointerException: Cannot invoke "net.minecraft.block.material.MaterialColor.getMapColor(int)" because "net.minecraft.block.material.MaterialColor.COLORS[...]" is null
	at net.minecraft.client.gui.MapItemRenderer$Instance.updateMapTexture(MapItemRenderer.java:122) ~[test/:?]
	at net.minecraft.client.gui.MapItemRenderer.updateMapTexture(MapItemRenderer.java:39) ~[test/:?]
	at net.minecraft.client.network.play.ClientPlayNetHandler.handleMaps(ClientPlayNetHandler.java:1353) ~[test/:?]
	at net.minecraft.network.play.server.SMapDataPacket.processPacket(SMapDataPacket.java:123) ~[test/:?]
	at net.minecraft.network.play.server.SMapDataPacket.processPacket(SMapDataPacket.java:11) ~[test/:?]
	at net.minecraft.network.PacketThreadUtil.lambda$checkThreadAndEnqueue$0(PacketThreadUtil.java:35) ~[test/:?]
	at net.optifine.util.PacketRunnable.run(PacketRunnable.java:18) ~[test/:?]
	at net.minecraft.util.concurrent.ThreadTaskExecutor.run(ThreadTaskExecutor.java:192) [test/:?]
	at net.minecraft.util.concurrent.RecursiveEventLoop.run(RecursiveEventLoop.java:28) [test/:?]
	at net.minecraft.util.concurrent.ThreadTaskExecutor.driveOne(ThreadTaskExecutor.java:154) [test/:?]
	at net.minecraft.util.concurrent.ThreadTaskExecutor.drainTasks(ThreadTaskExecutor.java:129) [test/:?]
	at net.minecraft.client.Minecraft.runGameLoop(Minecraft.java:953) [test/:?]
	at net.minecraft.client.Minecraft.run(Minecraft.java:542) [test/:?]
	at net.minecraft.client.main.Main.main(Main.java:214) [test/:?]
	at Start.main(Start.java:8) [test/:?]
[14:58:42] [main/FATAL]: Error executing task on Client
java.lang.NullPointerException: Cannot invoke "net.minecraft.block.material.MaterialColor.getMapColor(int)" because "net.minecraft.block.material.MaterialColor.COLORS[...]" is null
	at net.minecraft.client.gui.MapItemRenderer$Instance.updateMapTexture(MapItemRenderer.java:122) ~[test/:?]
	at net.minecraft.client.gui.MapItemRenderer.updateMapTexture(MapItemRenderer.java:39) ~[test/:?]
	at net.minecraft.client.network.play.ClientPlayNetHandler.handleMaps(ClientPlayNetHandler.java:1353) ~[test/:?]
	at net.minecraft.network.play.server.SMapDataPacket.processPacket(SMapDataPacket.java:123) ~[test/:?]
	at net.minecraft.network.play.server.SMapDataPacket.processPacket(SMapDataPacket.java:11) ~[test/:?]
	at net.minecraft.network.PacketThreadUtil.lambda$checkThreadAndEnqueue$0(PacketThreadUtil.java:35) ~[test/:?]
	at net.optifine.util.PacketRunnable.run(PacketRunnable.java:18) ~[test/:?]
	at net.minecraft.util.concurrent.ThreadTaskExecutor.run(ThreadTaskExecutor.java:192) [test/:?]
	at net.minecraft.util.concurrent.RecursiveEventLoop.run(RecursiveEventLoop.java:28) [test/:?]
	at net.minecraft.util.concurrent.ThreadTaskExecutor.driveOne(ThreadTaskExecutor.java:154) [test/:?]
	at net.minecraft.util.concurrent.ThreadTaskExecutor.drainTasks(ThreadTaskExecutor.java:129) [test/:?]
	at net.minecraft.client.Minecraft.runGameLoop(Minecraft.java:953) [test/:?]
	at net.minecraft.client.Minecraft.run(Minecraft.java:542) [test/:?]
	at net.minecraft.client.main.Main.main(Main.java:214) [test/:?]
	at Start.main(Start.java:8) [test/:?]
[14:58:42] [main/FATAL]: Error executing task on Client
java.lang.NullPointerException: Cannot invoke "net.minecraft.block.material.MaterialColor.getMapColor(int)" because "net.minecraft.block.material.MaterialColor.COLORS[...]" is null
	at net.minecraft.client.gui.MapItemRenderer$Instance.updateMapTexture(MapItemRenderer.java:122) ~[test/:?]
	at net.minecraft.client.gui.MapItemRenderer.updateMapTexture(MapItemRenderer.java:39) ~[test/:?]
	at net.minecraft.client.network.play.ClientPlayNetHandler.handleMaps(ClientPlayNetHandler.java:1353) ~[test/:?]
	at net.minecraft.network.play.server.SMapDataPacket.processPacket(SMapDataPacket.java:123) ~[test/:?]
	at net.minecraft.network.play.server.SMapDataPacket.processPacket(SMapDataPacket.java:11) ~[test/:?]
	at net.minecraft.network.PacketThreadUtil.lambda$checkThreadAndEnqueue$0(PacketThreadUtil.java:35) ~[test/:?]
	at net.optifine.util.PacketRunnable.run(PacketRunnable.java:18) ~[test/:?]
	at net.minecraft.util.concurrent.ThreadTaskExecutor.run(ThreadTaskExecutor.java:192) [test/:?]
	at net.minecraft.util.concurrent.RecursiveEventLoop.run(RecursiveEventLoop.java:28) [test/:?]
	at net.minecraft.util.concurrent.ThreadTaskExecutor.driveOne(ThreadTaskExecutor.java:154) [test/:?]
	at net.minecraft.util.concurrent.ThreadTaskExecutor.drainTasks(ThreadTaskExecutor.java:129) [test/:?]
	at net.minecraft.client.Minecraft.runGameLoop(Minecraft.java:953) [test/:?]
	at net.minecraft.client.Minecraft.run(Minecraft.java:542) [test/:?]
	at net.minecraft.client.main.Main.main(Main.java:214) [test/:?]
	at Start.main(Start.java:8) [test/:?]
[14:58:42] [main/FATAL]: Error executing task on Client
java.lang.NullPointerException: Cannot invoke "net.minecraft.block.material.MaterialColor.getMapColor(int)" because "net.minecraft.block.material.MaterialColor.COLORS[...]" is null
	at net.minecraft.client.gui.MapItemRenderer$Instance.updateMapTexture(MapItemRenderer.java:122) ~[test/:?]
	at net.minecraft.client.gui.MapItemRenderer.updateMapTexture(MapItemRenderer.java:39) ~[test/:?]
	at net.minecraft.client.network.play.ClientPlayNetHandler.handleMaps(ClientPlayNetHandler.java:1353) ~[test/:?]
	at net.minecraft.network.play.server.SMapDataPacket.processPacket(SMapDataPacket.java:123) ~[test/:?]
	at net.minecraft.network.play.server.SMapDataPacket.processPacket(SMapDataPacket.java:11) ~[test/:?]
	at net.minecraft.network.PacketThreadUtil.lambda$checkThreadAndEnqueue$0(PacketThreadUtil.java:35) ~[test/:?]
	at net.optifine.util.PacketRunnable.run(PacketRunnable.java:18) ~[test/:?]
	at net.minecraft.util.concurrent.ThreadTaskExecutor.run(ThreadTaskExecutor.java:192) [test/:?]
	at net.minecraft.util.concurrent.RecursiveEventLoop.run(RecursiveEventLoop.java:28) [test/:?]
	at net.minecraft.util.concurrent.ThreadTaskExecutor.driveOne(ThreadTaskExecutor.java:154) [test/:?]
	at net.minecraft.util.concurrent.ThreadTaskExecutor.drainTasks(ThreadTaskExecutor.java:129) [test/:?]
	at net.minecraft.client.Minecraft.runGameLoop(Minecraft.java:953) [test/:?]
	at net.minecraft.client.Minecraft.run(Minecraft.java:542) [test/:?]
	at net.minecraft.client.main.Main.main(Main.java:214) [test/:?]
	at Start.main(Start.java:8) [test/:?]
[14:58:42] [main/FATAL]: Error executing task on Client
java.lang.NullPointerException: Cannot invoke "net.minecraft.block.material.MaterialColor.getMapColor(int)" because "net.minecraft.block.material.MaterialColor.COLORS[...]" is null
	at net.minecraft.client.gui.MapItemRenderer$Instance.updateMapTexture(MapItemRenderer.java:122) ~[test/:?]
	at net.minecraft.client.gui.MapItemRenderer.updateMapTexture(MapItemRenderer.java:39) ~[test/:?]
	at net.minecraft.client.network.play.ClientPlayNetHandler.handleMaps(ClientPlayNetHandler.java:1353) ~[test/:?]
	at net.minecraft.network.play.server.SMapDataPacket.processPacket(SMapDataPacket.java:123) ~[test/:?]
	at net.minecraft.network.play.server.SMapDataPacket.processPacket(SMapDataPacket.java:11) ~[test/:?]
	at net.minecraft.network.PacketThreadUtil.lambda$checkThreadAndEnqueue$0(PacketThreadUtil.java:35) ~[test/:?]
	at net.optifine.util.PacketRunnable.run(PacketRunnable.java:18) ~[test/:?]
	at net.minecraft.util.concurrent.ThreadTaskExecutor.run(ThreadTaskExecutor.java:192) [test/:?]
	at net.minecraft.util.concurrent.RecursiveEventLoop.run(RecursiveEventLoop.java:28) [test/:?]
	at net.minecraft.util.concurrent.ThreadTaskExecutor.driveOne(ThreadTaskExecutor.java:154) [test/:?]
	at net.minecraft.util.concurrent.ThreadTaskExecutor.drainTasks(ThreadTaskExecutor.java:129) [test/:?]
	at net.minecraft.client.Minecraft.runGameLoop(Minecraft.java:953) [test/:?]
	at net.minecraft.client.Minecraft.run(Minecraft.java:542) [test/:?]
	at net.minecraft.client.main.Main.main(Main.java:214) [test/:?]
	at Start.main(Start.java:8) [test/:?]
[14:58:42] [main/FATAL]: Error executing task on Client
java.lang.NullPointerException: Cannot invoke "net.minecraft.block.material.MaterialColor.getMapColor(int)" because "net.minecraft.block.material.MaterialColor.COLORS[...]" is null
	at net.minecraft.client.gui.MapItemRenderer$Instance.updateMapTexture(MapItemRenderer.java:122) ~[test/:?]
	at net.minecraft.client.gui.MapItemRenderer.updateMapTexture(MapItemRenderer.java:39) ~[test/:?]
	at net.minecraft.client.network.play.ClientPlayNetHandler.handleMaps(ClientPlayNetHandler.java:1353) ~[test/:?]
	at net.minecraft.network.play.server.SMapDataPacket.processPacket(SMapDataPacket.java:123) ~[test/:?]
	at net.minecraft.network.play.server.SMapDataPacket.processPacket(SMapDataPacket.java:11) ~[test/:?]
	at net.minecraft.network.PacketThreadUtil.lambda$checkThreadAndEnqueue$0(PacketThreadUtil.java:35) ~[test/:?]
	at net.optifine.util.PacketRunnable.run(PacketRunnable.java:18) ~[test/:?]
	at net.minecraft.util.concurrent.ThreadTaskExecutor.run(ThreadTaskExecutor.java:192) [test/:?]
	at net.minecraft.util.concurrent.RecursiveEventLoop.run(RecursiveEventLoop.java:28) [test/:?]
	at net.minecraft.util.concurrent.ThreadTaskExecutor.driveOne(ThreadTaskExecutor.java:154) [test/:?]
	at net.minecraft.util.concurrent.ThreadTaskExecutor.drainTasks(ThreadTaskExecutor.java:129) [test/:?]
	at net.minecraft.client.Minecraft.runGameLoop(Minecraft.java:953) [test/:?]
	at net.minecraft.client.Minecraft.run(Minecraft.java:542) [test/:?]
	at net.minecraft.client.main.Main.main(Main.java:214) [test/:?]
	at Start.main(Start.java:8) [test/:?]
[14:58:42] [main/FATAL]: Error executing task on Client
java.lang.NullPointerException: Cannot invoke "net.minecraft.block.material.MaterialColor.getMapColor(int)" because "net.minecraft.block.material.MaterialColor.COLORS[...]" is null
	at net.minecraft.client.gui.MapItemRenderer$Instance.updateMapTexture(MapItemRenderer.java:122) ~[test/:?]
	at net.minecraft.client.gui.MapItemRenderer.updateMapTexture(MapItemRenderer.java:39) ~[test/:?]
	at net.minecraft.client.network.play.ClientPlayNetHandler.handleMaps(ClientPlayNetHandler.java:1353) ~[test/:?]
	at net.minecraft.network.play.server.SMapDataPacket.processPacket(SMapDataPacket.java:123) ~[test/:?]
	at net.minecraft.network.play.server.SMapDataPacket.processPacket(SMapDataPacket.java:11) ~[test/:?]
	at net.minecraft.network.PacketThreadUtil.lambda$checkThreadAndEnqueue$0(PacketThreadUtil.java:35) ~[test/:?]
	at net.optifine.util.PacketRunnable.run(PacketRunnable.java:18) ~[test/:?]
	at net.minecraft.util.concurrent.ThreadTaskExecutor.run(ThreadTaskExecutor.java:192) [test/:?]
	at net.minecraft.util.concurrent.RecursiveEventLoop.run(RecursiveEventLoop.java:28) [test/:?]
	at net.minecraft.util.concurrent.ThreadTaskExecutor.driveOne(ThreadTaskExecutor.java:154) [test/:?]
	at net.minecraft.util.concurrent.ThreadTaskExecutor.drainTasks(ThreadTaskExecutor.java:129) [test/:?]
	at net.minecraft.client.Minecraft.runGameLoop(Minecraft.java:953) [test/:?]
	at net.minecraft.client.Minecraft.run(Minecraft.java:542) [test/:?]
	at net.minecraft.client.main.Main.main(Main.java:214) [test/:?]
	at Start.main(Start.java:8) [test/:?]
[14:58:42] [main/FATAL]: Error executing task on Client
java.lang.NullPointerException: null
[14:58:42] [main/FATAL]: Error executing task on Client
java.lang.NullPointerException: null
[14:58:42] [main/FATAL]: Error executing task on Client
java.lang.NullPointerException: null
[14:58:42] [main/FATAL]: Error executing task on Client
java.lang.NullPointerException: null
[14:58:42] [main/FATAL]: Error executing task on Client
java.lang.NullPointerException: null
[14:58:42] [main/FATAL]: Error executing task on Client
java.lang.NullPointerException: null
[14:58:42] [main/FATAL]: Error executing task on Client
java.lang.NullPointerException: Cannot invoke "net.minecraft.block.material.MaterialColor.getMapColor(int)" because "net.minecraft.block.material.MaterialColor.COLORS[...]" is null
	at net.minecraft.client.gui.MapItemRenderer$Instance.updateMapTexture(MapItemRenderer.java:122) ~[test/:?]
	at net.minecraft.client.gui.MapItemRenderer.updateMapTexture(MapItemRenderer.java:39) ~[test/:?]
	at net.minecraft.client.network.play.ClientPlayNetHandler.handleMaps(ClientPlayNetHandler.java:1353) ~[test/:?]
	at net.minecraft.network.play.server.SMapDataPacket.processPacket(SMapDataPacket.java:123) ~[test/:?]
	at net.minecraft.network.play.server.SMapDataPacket.processPacket(SMapDataPacket.java:11) ~[test/:?]
	at net.minecraft.network.PacketThreadUtil.lambda$checkThreadAndEnqueue$0(PacketThreadUtil.java:35) ~[test/:?]
	at net.optifine.util.PacketRunnable.run(PacketRunnable.java:18) ~[test/:?]
	at net.minecraft.util.concurrent.ThreadTaskExecutor.run(ThreadTaskExecutor.java:192) [test/:?]
	at net.minecraft.util.concurrent.RecursiveEventLoop.run(RecursiveEventLoop.java:28) [test/:?]
	at net.minecraft.util.concurrent.ThreadTaskExecutor.driveOne(ThreadTaskExecutor.java:154) [test/:?]
	at net.minecraft.util.concurrent.ThreadTaskExecutor.drainTasks(ThreadTaskExecutor.java:129) [test/:?]
	at net.minecraft.client.Minecraft.runGameLoop(Minecraft.java:953) [test/:?]
	at net.minecraft.client.Minecraft.run(Minecraft.java:542) [test/:?]
	at net.minecraft.client.main.Main.main(Main.java:214) [test/:?]
	at Start.main(Start.java:8) [test/:?]
[14:58:42] [main/FATAL]: Error executing task on Client
java.lang.NullPointerException: Cannot invoke "net.minecraft.block.material.MaterialColor.getMapColor(int)" because "net.minecraft.block.material.MaterialColor.COLORS[...]" is null
	at net.minecraft.client.gui.MapItemRenderer$Instance.updateMapTexture(MapItemRenderer.java:122) ~[test/:?]
	at net.minecraft.client.gui.MapItemRenderer.updateMapTexture(MapItemRenderer.java:39) ~[test/:?]
	at net.minecraft.client.network.play.ClientPlayNetHandler.handleMaps(ClientPlayNetHandler.java:1353) ~[test/:?]
	at net.minecraft.network.play.server.SMapDataPacket.processPacket(SMapDataPacket.java:123) ~[test/:?]
	at net.minecraft.network.play.server.SMapDataPacket.processPacket(SMapDataPacket.java:11) ~[test/:?]
	at net.minecraft.network.PacketThreadUtil.lambda$checkThreadAndEnqueue$0(PacketThreadUtil.java:35) ~[test/:?]
	at net.optifine.util.PacketRunnable.run(PacketRunnable.java:18) ~[test/:?]
	at net.minecraft.util.concurrent.ThreadTaskExecutor.run(ThreadTaskExecutor.java:192) [test/:?]
	at net.minecraft.util.concurrent.RecursiveEventLoop.run(RecursiveEventLoop.java:28) [test/:?]
	at net.minecraft.util.concurrent.ThreadTaskExecutor.driveOne(ThreadTaskExecutor.java:154) [test/:?]
	at net.minecraft.util.concurrent.ThreadTaskExecutor.drainTasks(ThreadTaskExecutor.java:129) [test/:?]
	at net.minecraft.client.Minecraft.runGameLoop(Minecraft.java:953) [test/:?]
	at net.minecraft.client.Minecraft.run(Minecraft.java:542) [test/:?]
	at net.minecraft.client.main.Main.main(Main.java:214) [test/:?]
	at Start.main(Start.java:8) [test/:?]
[14:58:42] [main/FATAL]: Error executing task on Client
java.lang.NullPointerException: Cannot invoke "net.minecraft.block.material.MaterialColor.getMapColor(int)" because "net.minecraft.block.material.MaterialColor.COLORS[...]" is null
	at net.minecraft.client.gui.MapItemRenderer$Instance.updateMapTexture(MapItemRenderer.java:122) ~[test/:?]
	at net.minecraft.client.gui.MapItemRenderer.updateMapTexture(MapItemRenderer.java:39) ~[test/:?]
	at net.minecraft.client.network.play.ClientPlayNetHandler.handleMaps(ClientPlayNetHandler.java:1353) ~[test/:?]
	at net.minecraft.network.play.server.SMapDataPacket.processPacket(SMapDataPacket.java:123) ~[test/:?]
	at net.minecraft.network.play.server.SMapDataPacket.processPacket(SMapDataPacket.java:11) ~[test/:?]
	at net.minecraft.network.PacketThreadUtil.lambda$checkThreadAndEnqueue$0(PacketThreadUtil.java:35) ~[test/:?]
	at net.optifine.util.PacketRunnable.run(PacketRunnable.java:18) ~[test/:?]
	at net.minecraft.util.concurrent.ThreadTaskExecutor.run(ThreadTaskExecutor.java:192) [test/:?]
	at net.minecraft.util.concurrent.RecursiveEventLoop.run(RecursiveEventLoop.java:28) [test/:?]
	at net.minecraft.util.concurrent.ThreadTaskExecutor.driveOne(ThreadTaskExecutor.java:154) [test/:?]
	at net.minecraft.util.concurrent.ThreadTaskExecutor.drainTasks(ThreadTaskExecutor.java:129) [test/:?]
	at net.minecraft.client.Minecraft.runGameLoop(Minecraft.java:953) [test/:?]
	at net.minecraft.client.Minecraft.run(Minecraft.java:542) [test/:?]
	at net.minecraft.client.main.Main.main(Main.java:214) [test/:?]
	at Start.main(Start.java:8) [test/:?]
[14:58:42] [main/FATAL]: Error executing task on Client
java.lang.NullPointerException: Cannot invoke "net.minecraft.block.material.MaterialColor.getMapColor(int)" because "net.minecraft.block.material.MaterialColor.COLORS[...]" is null
	at net.minecraft.client.gui.MapItemRenderer$Instance.updateMapTexture(MapItemRenderer.java:122) ~[test/:?]
	at net.minecraft.client.gui.MapItemRenderer.updateMapTexture(MapItemRenderer.java:39) ~[test/:?]
	at net.minecraft.client.network.play.ClientPlayNetHandler.handleMaps(ClientPlayNetHandler.java:1353) ~[test/:?]
	at net.minecraft.network.play.server.SMapDataPacket.processPacket(SMapDataPacket.java:123) ~[test/:?]
	at net.minecraft.network.play.server.SMapDataPacket.processPacket(SMapDataPacket.java:11) ~[test/:?]
	at net.minecraft.network.PacketThreadUtil.lambda$checkThreadAndEnqueue$0(PacketThreadUtil.java:35) ~[test/:?]
	at net.optifine.util.PacketRunnable.run(PacketRunnable.java:18) ~[test/:?]
	at net.minecraft.util.concurrent.ThreadTaskExecutor.run(ThreadTaskExecutor.java:192) [test/:?]
	at net.minecraft.util.concurrent.RecursiveEventLoop.run(RecursiveEventLoop.java:28) [test/:?]
	at net.minecraft.util.concurrent.ThreadTaskExecutor.driveOne(ThreadTaskExecutor.java:154) [test/:?]
	at net.minecraft.util.concurrent.ThreadTaskExecutor.drainTasks(ThreadTaskExecutor.java:129) [test/:?]
	at net.minecraft.client.Minecraft.runGameLoop(Minecraft.java:953) [test/:?]
	at net.minecraft.client.Minecraft.run(Minecraft.java:542) [test/:?]
	at net.minecraft.client.main.Main.main(Main.java:214) [test/:?]
	at Start.main(Start.java:8) [test/:?]
[14:58:42] [main/FATAL]: Error executing task on Client
java.lang.NullPointerException: Cannot invoke "net.minecraft.block.material.MaterialColor.getMapColor(int)" because "net.minecraft.block.material.MaterialColor.COLORS[...]" is null
	at net.minecraft.client.gui.MapItemRenderer$Instance.updateMapTexture(MapItemRenderer.java:122) ~[test/:?]
	at net.minecraft.client.gui.MapItemRenderer.updateMapTexture(MapItemRenderer.java:39) ~[test/:?]
	at net.minecraft.client.network.play.ClientPlayNetHandler.handleMaps(ClientPlayNetHandler.java:1353) ~[test/:?]
	at net.minecraft.network.play.server.SMapDataPacket.processPacket(SMapDataPacket.java:123) ~[test/:?]
	at net.minecraft.network.play.server.SMapDataPacket.processPacket(SMapDataPacket.java:11) ~[test/:?]
	at net.minecraft.network.PacketThreadUtil.lambda$checkThreadAndEnqueue$0(PacketThreadUtil.java:35) ~[test/:?]
	at net.optifine.util.PacketRunnable.run(PacketRunnable.java:18) ~[test/:?]
	at net.minecraft.util.concurrent.ThreadTaskExecutor.run(ThreadTaskExecutor.java:192) [test/:?]
	at net.minecraft.util.concurrent.RecursiveEventLoop.run(RecursiveEventLoop.java:28) [test/:?]
	at net.minecraft.util.concurrent.ThreadTaskExecutor.driveOne(ThreadTaskExecutor.java:154) [test/:?]
	at net.minecraft.util.concurrent.ThreadTaskExecutor.drainTasks(ThreadTaskExecutor.java:129) [test/:?]
	at net.minecraft.client.Minecraft.runGameLoop(Minecraft.java:953) [test/:?]
	at net.minecraft.client.Minecraft.run(Minecraft.java:542) [test/:?]
	at net.minecraft.client.main.Main.main(Main.java:214) [test/:?]
	at Start.main(Start.java:8) [test/:?]
[14:58:42] [main/FATAL]: Error executing task on Client
java.lang.NullPointerException: Cannot invoke "net.minecraft.block.material.MaterialColor.getMapColor(int)" because "net.minecraft.block.material.MaterialColor.COLORS[...]" is null
	at net.minecraft.client.gui.MapItemRenderer$Instance.updateMapTexture(MapItemRenderer.java:122) ~[test/:?]
	at net.minecraft.client.gui.MapItemRenderer.updateMapTexture(MapItemRenderer.java:39) ~[test/:?]
	at net.minecraft.client.network.play.ClientPlayNetHandler.handleMaps(ClientPlayNetHandler.java:1353) ~[test/:?]
	at net.minecraft.network.play.server.SMapDataPacket.processPacket(SMapDataPacket.java:123) ~[test/:?]
	at net.minecraft.network.play.server.SMapDataPacket.processPacket(SMapDataPacket.java:11) ~[test/:?]
	at net.minecraft.network.PacketThreadUtil.lambda$checkThreadAndEnqueue$0(PacketThreadUtil.java:35) ~[test/:?]
	at net.optifine.util.PacketRunnable.run(PacketRunnable.java:18) ~[test/:?]
	at net.minecraft.util.concurrent.ThreadTaskExecutor.run(ThreadTaskExecutor.java:192) [test/:?]
	at net.minecraft.util.concurrent.RecursiveEventLoop.run(RecursiveEventLoop.java:28) [test/:?]
	at net.minecraft.util.concurrent.ThreadTaskExecutor.driveOne(ThreadTaskExecutor.java:154) [test/:?]
	at net.minecraft.util.concurrent.ThreadTaskExecutor.drainTasks(ThreadTaskExecutor.java:129) [test/:?]
	at net.minecraft.client.Minecraft.runGameLoop(Minecraft.java:953) [test/:?]
	at net.minecraft.client.Minecraft.run(Minecraft.java:542) [test/:?]
	at net.minecraft.client.main.Main.main(Main.java:214) [test/:?]
	at Start.main(Start.java:8) [test/:?]
[14:58:42] [main/FATAL]: Error executing task on Client
java.lang.NullPointerException: Cannot invoke "net.minecraft.block.material.MaterialColor.getMapColor(int)" because "net.minecraft.block.material.MaterialColor.COLORS[...]" is null
	at net.minecraft.client.gui.MapItemRenderer$Instance.updateMapTexture(MapItemRenderer.java:122) ~[test/:?]
	at net.minecraft.client.gui.MapItemRenderer.updateMapTexture(MapItemRenderer.java:39) ~[test/:?]
	at net.minecraft.client.network.play.ClientPlayNetHandler.handleMaps(ClientPlayNetHandler.java:1353) ~[test/:?]
	at net.minecraft.network.play.server.SMapDataPacket.processPacket(SMapDataPacket.java:123) ~[test/:?]
	at net.minecraft.network.play.server.SMapDataPacket.processPacket(SMapDataPacket.java:11) ~[test/:?]
	at net.minecraft.network.PacketThreadUtil.lambda$checkThreadAndEnqueue$0(PacketThreadUtil.java:35) ~[test/:?]
	at net.optifine.util.PacketRunnable.run(PacketRunnable.java:18) ~[test/:?]
	at net.minecraft.util.concurrent.ThreadTaskExecutor.run(ThreadTaskExecutor.java:192) [test/:?]
	at net.minecraft.util.concurrent.RecursiveEventLoop.run(RecursiveEventLoop.java:28) [test/:?]
	at net.minecraft.util.concurrent.ThreadTaskExecutor.driveOne(ThreadTaskExecutor.java:154) [test/:?]
	at net.minecraft.util.concurrent.ThreadTaskExecutor.drainTasks(ThreadTaskExecutor.java:129) [test/:?]
	at net.minecraft.client.Minecraft.runGameLoop(Minecraft.java:953) [test/:?]
	at net.minecraft.client.Minecraft.run(Minecraft.java:542) [test/:?]
	at net.minecraft.client.main.Main.main(Main.java:214) [test/:?]
	at Start.main(Start.java:8) [test/:?]
[14:58:42] [main/FATAL]: Error executing task on Client
java.lang.NullPointerException: Cannot invoke "net.minecraft.block.material.MaterialColor.getMapColor(int)" because "net.minecraft.block.material.MaterialColor.COLORS[...]" is null
	at net.minecraft.client.gui.MapItemRenderer$Instance.updateMapTexture(MapItemRenderer.java:122) ~[test/:?]
	at net.minecraft.client.gui.MapItemRenderer.updateMapTexture(MapItemRenderer.java:39) ~[test/:?]
	at net.minecraft.client.network.play.ClientPlayNetHandler.handleMaps(ClientPlayNetHandler.java:1353) ~[test/:?]
	at net.minecraft.network.play.server.SMapDataPacket.processPacket(SMapDataPacket.java:123) ~[test/:?]
	at net.minecraft.network.play.server.SMapDataPacket.processPacket(SMapDataPacket.java:11) ~[test/:?]
	at net.minecraft.network.PacketThreadUtil.lambda$checkThreadAndEnqueue$0(PacketThreadUtil.java:35) ~[test/:?]
	at net.optifine.util.PacketRunnable.run(PacketRunnable.java:18) ~[test/:?]
	at net.minecraft.util.concurrent.ThreadTaskExecutor.run(ThreadTaskExecutor.java:192) [test/:?]
	at net.minecraft.util.concurrent.RecursiveEventLoop.run(RecursiveEventLoop.java:28) [test/:?]
	at net.minecraft.util.concurrent.ThreadTaskExecutor.driveOne(ThreadTaskExecutor.java:154) [test/:?]
	at net.minecraft.util.concurrent.ThreadTaskExecutor.drainTasks(ThreadTaskExecutor.java:129) [test/:?]
	at net.minecraft.client.Minecraft.runGameLoop(Minecraft.java:953) [test/:?]
	at net.minecraft.client.Minecraft.run(Minecraft.java:542) [test/:?]
	at net.minecraft.client.main.Main.main(Main.java:214) [test/:?]
	at Start.main(Start.java:8) [test/:?]
[14:58:42] [main/FATAL]: Error executing task on Client
java.lang.NullPointerException: Cannot invoke "net.minecraft.block.material.MaterialColor.getMapColor(int)" because "net.minecraft.block.material.MaterialColor.COLORS[...]" is null
	at net.minecraft.client.gui.MapItemRenderer$Instance.updateMapTexture(MapItemRenderer.java:122) ~[test/:?]
	at net.minecraft.client.gui.MapItemRenderer.updateMapTexture(MapItemRenderer.java:39) ~[test/:?]
	at net.minecraft.client.network.play.ClientPlayNetHandler.handleMaps(ClientPlayNetHandler.java:1353) ~[test/:?]
	at net.minecraft.network.play.server.SMapDataPacket.processPacket(SMapDataPacket.java:123) ~[test/:?]
	at net.minecraft.network.play.server.SMapDataPacket.processPacket(SMapDataPacket.java:11) ~[test/:?]
	at net.minecraft.network.PacketThreadUtil.lambda$checkThreadAndEnqueue$0(PacketThreadUtil.java:35) ~[test/:?]
	at net.optifine.util.PacketRunnable.run(PacketRunnable.java:18) ~[test/:?]
	at net.minecraft.util.concurrent.ThreadTaskExecutor.run(ThreadTaskExecutor.java:192) [test/:?]
	at net.minecraft.util.concurrent.RecursiveEventLoop.run(RecursiveEventLoop.java:28) [test/:?]
	at net.minecraft.util.concurrent.ThreadTaskExecutor.driveOne(ThreadTaskExecutor.java:154) [test/:?]
	at net.minecraft.util.concurrent.ThreadTaskExecutor.drainTasks(ThreadTaskExecutor.java:129) [test/:?]
	at net.minecraft.client.Minecraft.runGameLoop(Minecraft.java:953) [test/:?]
	at net.minecraft.client.Minecraft.run(Minecraft.java:542) [test/:?]
	at net.minecraft.client.main.Main.main(Main.java:214) [test/:?]
	at Start.main(Start.java:8) [test/:?]
[14:58:42] [main/FATAL]: Error executing task on Client
java.lang.NullPointerException: Cannot invoke "net.minecraft.block.material.MaterialColor.getMapColor(int)" because "net.minecraft.block.material.MaterialColor.COLORS[...]" is null
	at net.minecraft.client.gui.MapItemRenderer$Instance.updateMapTexture(MapItemRenderer.java:122) ~[test/:?]
	at net.minecraft.client.gui.MapItemRenderer.updateMapTexture(MapItemRenderer.java:39) ~[test/:?]
	at net.minecraft.client.network.play.ClientPlayNetHandler.handleMaps(ClientPlayNetHandler.java:1353) ~[test/:?]
	at net.minecraft.network.play.server.SMapDataPacket.processPacket(SMapDataPacket.java:123) ~[test/:?]
	at net.minecraft.network.play.server.SMapDataPacket.processPacket(SMapDataPacket.java:11) ~[test/:?]
	at net.minecraft.network.PacketThreadUtil.lambda$checkThreadAndEnqueue$0(PacketThreadUtil.java:35) ~[test/:?]
	at net.optifine.util.PacketRunnable.run(PacketRunnable.java:18) ~[test/:?]
	at net.minecraft.util.concurrent.ThreadTaskExecutor.run(ThreadTaskExecutor.java:192) [test/:?]
	at net.minecraft.util.concurrent.RecursiveEventLoop.run(RecursiveEventLoop.java:28) [test/:?]
	at net.minecraft.util.concurrent.ThreadTaskExecutor.driveOne(ThreadTaskExecutor.java:154) [test/:?]
	at net.minecraft.util.concurrent.ThreadTaskExecutor.drainTasks(ThreadTaskExecutor.java:129) [test/:?]
	at net.minecraft.client.Minecraft.runGameLoop(Minecraft.java:953) [test/:?]
	at net.minecraft.client.Minecraft.run(Minecraft.java:542) [test/:?]
	at net.minecraft.client.main.Main.main(Main.java:214) [test/:?]
	at Start.main(Start.java:8) [test/:?]
[14:58:45] [main/FATAL]: Error executing task on Client
java.lang.NullPointerException: Cannot invoke "net.minecraft.block.material.MaterialColor.getMapColor(int)" because "net.minecraft.block.material.MaterialColor.COLORS[...]" is null
	at net.minecraft.client.gui.MapItemRenderer$Instance.updateMapTexture(MapItemRenderer.java:122) ~[test/:?]
	at net.minecraft.client.gui.MapItemRenderer.updateMapTexture(MapItemRenderer.java:39) ~[test/:?]
	at net.minecraft.client.network.play.ClientPlayNetHandler.handleMaps(ClientPlayNetHandler.java:1353) ~[test/:?]
	at net.minecraft.network.play.server.SMapDataPacket.processPacket(SMapDataPacket.java:123) ~[test/:?]
	at net.minecraft.network.play.server.SMapDataPacket.processPacket(SMapDataPacket.java:11) ~[test/:?]
	at net.minecraft.network.PacketThreadUtil.lambda$checkThreadAndEnqueue$0(PacketThreadUtil.java:35) ~[test/:?]
	at net.optifine.util.PacketRunnable.run(PacketRunnable.java:18) ~[test/:?]
	at net.minecraft.util.concurrent.ThreadTaskExecutor.run(ThreadTaskExecutor.java:192) [test/:?]
	at net.minecraft.util.concurrent.RecursiveEventLoop.run(RecursiveEventLoop.java:28) [test/:?]
	at net.minecraft.util.concurrent.ThreadTaskExecutor.driveOne(ThreadTaskExecutor.java:154) [test/:?]
	at net.minecraft.util.concurrent.ThreadTaskExecutor.drainTasks(ThreadTaskExecutor.java:129) [test/:?]
	at net.minecraft.client.Minecraft.runGameLoop(Minecraft.java:953) [test/:?]
	at net.minecraft.client.Minecraft.run(Minecraft.java:542) [test/:?]
	at net.minecraft.client.main.Main.main(Main.java:214) [test/:?]
	at Start.main(Start.java:8) [test/:?]
[14:58:45] [main/FATAL]: Error executing task on Client
java.lang.NullPointerException: Cannot invoke "net.minecraft.block.material.MaterialColor.getMapColor(int)" because "net.minecraft.block.material.MaterialColor.COLORS[...]" is null
	at net.minecraft.client.gui.MapItemRenderer$Instance.updateMapTexture(MapItemRenderer.java:122) ~[test/:?]
	at net.minecraft.client.gui.MapItemRenderer.updateMapTexture(MapItemRenderer.java:39) ~[test/:?]
	at net.minecraft.client.network.play.ClientPlayNetHandler.handleMaps(ClientPlayNetHandler.java:1353) ~[test/:?]
	at net.minecraft.network.play.server.SMapDataPacket.processPacket(SMapDataPacket.java:123) ~[test/:?]
	at net.minecraft.network.play.server.SMapDataPacket.processPacket(SMapDataPacket.java:11) ~[test/:?]
	at net.minecraft.network.PacketThreadUtil.lambda$checkThreadAndEnqueue$0(PacketThreadUtil.java:35) ~[test/:?]
	at net.optifine.util.PacketRunnable.run(PacketRunnable.java:18) ~[test/:?]
	at net.minecraft.util.concurrent.ThreadTaskExecutor.run(ThreadTaskExecutor.java:192) [test/:?]
	at net.minecraft.util.concurrent.RecursiveEventLoop.run(RecursiveEventLoop.java:28) [test/:?]
	at net.minecraft.util.concurrent.ThreadTaskExecutor.driveOne(ThreadTaskExecutor.java:154) [test/:?]
	at net.minecraft.util.concurrent.ThreadTaskExecutor.drainTasks(ThreadTaskExecutor.java:129) [test/:?]
	at net.minecraft.client.Minecraft.runGameLoop(Minecraft.java:953) [test/:?]
	at net.minecraft.client.Minecraft.run(Minecraft.java:542) [test/:?]
	at net.minecraft.client.main.Main.main(Main.java:214) [test/:?]
	at Start.main(Start.java:8) [test/:?]
[14:58:53] [main/FATAL]: Error executing task on Client
java.lang.NullPointerException: Cannot invoke "net.minecraft.block.material.MaterialColor.getMapColor(int)" because "net.minecraft.block.material.MaterialColor.COLORS[...]" is null
	at net.minecraft.client.gui.MapItemRenderer$Instance.updateMapTexture(MapItemRenderer.java:122) ~[test/:?]
	at net.minecraft.client.gui.MapItemRenderer.updateMapTexture(MapItemRenderer.java:39) ~[test/:?]
	at net.minecraft.client.network.play.ClientPlayNetHandler.handleMaps(ClientPlayNetHandler.java:1353) ~[test/:?]
	at net.minecraft.network.play.server.SMapDataPacket.processPacket(SMapDataPacket.java:123) ~[test/:?]
	at net.minecraft.network.play.server.SMapDataPacket.processPacket(SMapDataPacket.java:11) ~[test/:?]
	at net.minecraft.network.PacketThreadUtil.lambda$checkThreadAndEnqueue$0(PacketThreadUtil.java:35) ~[test/:?]
	at net.optifine.util.PacketRunnable.run(PacketRunnable.java:18) ~[test/:?]
	at net.minecraft.util.concurrent.ThreadTaskExecutor.run(ThreadTaskExecutor.java:192) [test/:?]
	at net.minecraft.util.concurrent.RecursiveEventLoop.run(RecursiveEventLoop.java:28) [test/:?]
	at net.minecraft.util.concurrent.ThreadTaskExecutor.driveOne(ThreadTaskExecutor.java:154) [test/:?]
	at net.minecraft.util.concurrent.ThreadTaskExecutor.drainTasks(ThreadTaskExecutor.java:129) [test/:?]
	at net.minecraft.client.Minecraft.runGameLoop(Minecraft.java:953) [test/:?]
	at net.minecraft.client.Minecraft.run(Minecraft.java:542) [test/:?]
	at net.minecraft.client.main.Main.main(Main.java:214) [test/:?]
	at Start.main(Start.java:8) [test/:?]
[14:58:55] [main/INFO]: [CHAT] [❌] Вы не можете драться в этом месте!
[14:58:56] [main/INFO]: [CHAT] [❌] Вы не можете драться в этом месте!
[14:58:57] [main/INFO]: [CHAT] [❌] Вы не можете драться в этом месте!
[14:58:57] [main/INFO]: [CHAT] [❌] Вы не можете драться в этом месте!
[14:59:04] [main/INFO]: [CHAT] Ⓖ <near> ﴾Князь﴿ superkeks228 ЧСВ! ⇨  е***ь у тебя бизнес
[14:59:11] [ForkJoinPool.commonPool-worker-8/INFO]: [STDOUT]: Saving region 0,0 to disk .\baritone\funtime.su\dimensions\minecraft\lobby\cache
[14:59:11] [ForkJoinPool.commonPool-worker-4/INFO]: [STDOUT]: Saving region 0,-1 to disk .\baritone\funtime.su\dimensions\minecraft\lobby\cache
[14:59:11] [pool-11-thread-18/INFO]: [STDOUT]: Saving region -1,0 to disk .\baritone\funtime.su\dimensions\minecraft\lobby\cache
[14:59:11] [ForkJoinPool.commonPool-worker-7/INFO]: [STDOUT]: Saving region -1,-1 to disk .\baritone\funtime.su\dimensions\minecraft\lobby\cache
[14:59:11] [ForkJoinPool.commonPool-worker-4/INFO]: [STDOUT]: Saved region successfully
[14:59:11] [ForkJoinPool.commonPool-worker-7/INFO]: [STDOUT]: Saved region successfully
[14:59:11] [ForkJoinPool.commonPool-worker-8/INFO]: [STDOUT]: Saved region successfully
[14:59:12] [pool-11-thread-18/INFO]: [STDOUT]: Saved region successfully
[14:59:12] [pool-11-thread-18/INFO]: [STDOUT]: World save took 467ms
[14:59:31] [main/INFO]: [CHAT] Ⓖ <PickMe> ⊰Князь⊱ MilkaTIS  ⇨ мне кажется мы неправильно фармим
[14:59:33] [main/INFO]: [CHAT] Ⓖ <NFS> [Игрок] crocksik  ⇨ для базы декор делаю если кто то найдет то моймет что моя хочу сделать мир светлее
[14:59:37] [main/INFO]: [CHAT] Ⓖ <PickMe> ⊰Князь⊱ MilkaTIS  ⇨  crocksik что-то знает
[14:59:39] [main/INFO]: [CHAT] Ⓖ <knizz> [Элита] xxxSyKsxxx Дэб ⇨ тебе кажется
[14:59:45] [main/INFO]: [CHAT] Ⓛ [Игрок] kosmos000  ⇨ что
[14:59:49] [main/INFO]: [CHAT] [❌] Вы не можете драться в этом месте!
[14:59:50] [main/INFO]: [CHAT] [❌] Вы не можете драться в этом месте!
[14:59:50] [main/INFO]: [CHAT] Ⓖ <Толстопузы> [Игрок] ohixebak  ⇨ хуле /baltop не работает?
[14:59:50] [main/INFO]: [CHAT] [❌] Вы не можете драться в этом месте!
[14:59:53] [main/INFO]: [CHAT] [❌] Вы не можете драться в этом месте!
[14:59:54] [main/INFO]: [CHAT] [❌] Вы не можете драться в этом месте!
[14:59:54] [main/INFO]: [CHAT] [❌] Вы не можете драться в этом месте!
[14:59:56] [main/INFO]: [CHAT] Ⓖ <near> ﴾Князь﴿ superkeks228 ЧСВ! ⇨  там окуп аж 80к
[14:59:56] [main/INFO]: [CHAT] [❌] Вы не можете драться в этом месте!
[14:59:59] [main/INFO]: [CHAT] Ⓖ <Narek> ❮Герой❯ Fronzzes0_0 Кек ⇨  MilkaTIS ya pochti sdelal
[14:59:59] [main/INFO]: [CHAT] Ⓖ «Князь» Dezor4ik_ ʕ•ᴥ•ʔ ⇨ так надо
[15:00:04] [main/INFO]: [CHAT] Ⓖ <NFS> [Игрок] crocksik  ⇨ для базы декор делаю если кто то найдет то моймет что моя хочу сделать мир светлее
[15:00:06] [main/INFO]: [CHAT] [❌] Вы не можете драться в этом месте!
[15:00:10] [main/INFO]: [CHAT] Ⓖ <near> ﴾Князь﴿ superkeks228 ЧСВ! ⇨  сумма невебическая
[15:00:16] [main/INFO]: [CHAT] Ⓖ <PickMe> ⊰Князь⊱ MilkaTIS  ⇨  хвхвх, молодец Fronzzes0_0
[15:00:21] [main/INFO]: [CHAT] Ⓖ <Narek> ❮Герой❯ Fronzzes0_0 Кек ⇨  tp
[15:00:23] [main/INFO]: [CHAT] [❌] Вы не можете драться в этом месте!
[15:00:24] [main/INFO]: [CHAT] [❌] Вы не можете драться в этом месте!
[15:00:24] [main/FATAL]: Error executing task on Client
java.lang.NullPointerException: null
[15:00:24] [main/INFO]: [CHAT] [❌] Вы не можете драться в этом месте!
[15:00:25] [main/INFO]: [CHAT] [❌] Вы не можете драться в этом месте!
[15:00:25] [main/INFO]: [CHAT] ╔══╦══╦══╦══╦══╦══╦══╦══╗\n║\n║     |||   [Сундук Смерти]   |||\n║   Появится уже через 3 минуты!\n║\n╚══╩══╩══╩══╩══╩══╩══╩══╝
[15:00:40] [main/INFO]: [CHAT] Ⓖ <Narek> ❮Герой❯ Fronzzes0_0 Кек ⇨  KK2019pokoyo potom
[15:00:56] [main/INFO]: [CHAT] Ⓖ <near> ﴾Князь﴿ superkeks228 ЧСВ! ⇨   MilkaTIS а че тебе все тут п***у лижут
[15:01:08] [main/INFO]: [CHAT] Ⓖ <PickMe> ⊰Князь⊱ MilkaTIS  ⇨ не лижут, я прост хорошая
[15:01:08] [main/INFO]: [CHAT] Ⓖ <sosa> [Герой] saikydasai_48  ⇨ нет это она мне
[15:01:09] [main/INFO]: [CHAT] Ⓖ <Толстопузы> [Игрок] ohixebak  ⇨  superkeks228 пубертатники впервые женщину видят помимо мамы
[15:01:10] [main/INFO]: [CHAT] [♨] Fronzzes0_0 замутил superkeks228 за «mat» на 1 ч
[15:01:19] [main/INFO]: [CHAT] Ⓖ <Narek> ❮Герой❯ Fronzzes0_0 Кек ⇨  superkeks228 poshel ka ti naxyi
[15:01:20] [main/INFO]: [CHAT] Ⓖ <PickMe> ⊰Князь⊱ MilkaTIS  ⇨ хорош)
[15:01:21] [main/INFO]: [CHAT] Ⓖ <top> [Князь] K1kc  ⇨ хахвахвхавхавхавхав
[15:01:23] [main/INFO]: [CHAT] Ⓖ <Narek> ❮Герой❯ Fronzzes0_0 Кек ⇨  dalbaeb
[15:01:25] [main/INFO]: [CHAT] Ⓖ <PickMe> ⊰Князь⊱ MilkaTIS  ⇨ ахвахпзавхпзахахахаха
[15:01:34] [main/INFO]: [CHAT] ⦏Объявление⦐  ты когда ее защищать уже стал Fronzzes0_0 [Автор: Em4irald]
[15:01:36] [main/INFO]: [CHAT] Ⓖ <Narek> ❮Герой❯ Fronzzes0_0 Кек ⇨  mi dryjnaya anka
[15:01:41] [main/INFO]: [CHAT] Ⓖ <sosa> [Герой] saikydasai_48  ⇨ а jirado не против бы
[15:01:45] [main/INFO]: [CHAT] Ⓖ <Narek> ❮Герой❯ Fronzzes0_0 Кек ⇨  Em4irald vsm
[15:01:46] [main/INFO]: [CHAT] Ⓖ <PickMe> ⊰Князь⊱ MilkaTIS  ⇨ + Fronzzes0_0
[15:01:51] [main/INFO]: [CHAT] [♨] K1kc замутил ohixebak за «osk+mat» на 2 ч
[15:01:55] [main/INFO]: [CHAT] Ⓖ <ХУЕСОСЫ> [Глава] adekvatn335  ⇨ чё всех мутят что за анка мутов страшно
[15:01:57] [main/INFO]: [CHAT] Ⓖ <PickMe> ⊰Князь⊱ MilkaTIS  ⇨ ахахаахахах
[15:02:03] [main/INFO]: [CHAT] Ⓛ <allah> ⊰Князь⊱ KyousukePrime Зло ⇨ f
[15:02:06] [main/INFO]: [CHAT] Ⓛ [Игрок] skyeng  ⇨ 2009
[15:02:06] [main/INFO]: [CHAT] Ⓖ <top> [Князь] K1kc  ⇨ много базарят некоторые
[15:02:12] [main/INFO]: [CHAT] Ⓖ <PickMe> ⊰Князь⊱ MilkaTIS  ⇨ +
[15:02:12] [main/INFO]: [CHAT] Ⓖ <sosa> [Герой] jirado  ⇨ х*й ток не бан пж
[15:02:13] [main/INFO]: [CHAT] Ⓖ <ХУЕСОСЫ> [Глава] adekvatn335  ⇨ aaa
[15:02:18] [main/INFO]: [CHAT] Ⓖ <Narek> ❮Герой❯ Fronzzes0_0 Кек ⇨  ya ne zashishay on xyiny neset
[15:02:25] [main/INFO]: [CHAT] ╔
[15:02:25] [main/INFO]: [CHAT] ╠ /donshop магазин для твоей души
[15:02:25] [main/INFO]: [CHAT] ╚
[15:02:27] [main/INFO]: [CHAT] Ⓖ <PickMe> ⊰Князь⊱ MilkaTIS  ⇨ +
[15:02:30] [main/INFO]: [CHAT] Ⓖ <ХУЕСОСЫ> [Глава] adekvatn335  ⇨ скрити мат - мут
[15:02:41] [main/INFO]: [CHAT] Ⓖ <Narek> ❮Герой❯ Fronzzes0_0 Кек ⇨  adekvatn335 /settings
[15:02:47] [main/INFO]: [CHAT] Ⓖ <Narek> ❮Герой❯ Fronzzes0_0 Кек ⇨  там убери цензуру
[15:02:47] [main/INFO]: [CHAT] Ⓖ <ХУЕСОСЫ> [Глава] adekvatn335  ⇨ м
[15:02:50] [main/INFO]: [CHAT] Ⓖ <Толстопузы> [Аспид] centyra  ⇨ где хоть был оск у ohixebak
[15:02:59] [main/INFO]: [CHAT] ⦏Объявление⦐  Fronzzes0_0 ты когда ее защищать стал? [Автор: Em4irald]
[15:03:10] [main/INFO]: [CHAT] Ⓖ <ХУЕСОСЫ> [Глава] adekvatn335  ⇨ убрал и шо
[15:03:13] [main/INFO]: [CHAT] Ⓖ <Narek> ❮Герой❯ Fronzzes0_0 Кек ⇨  alo я написал уже
[15:03:18] [main/INFO]: [CHAT] Ⓖ <Narek> ❮Герой❯ Fronzzes0_0 Кек ⇨  б***ь
[15:03:20] [main/INFO]: [CHAT] Ⓖ <Narek> ❮Герой❯ Fronzzes0_0 Кек ⇨  вот
[15:03:25] [main/INFO]: [CHAT] Ⓖ <Narek> ❮Герой❯ Fronzzes0_0 Кек ⇨  videsh?
[15:03:26] [main/INFO]: [CHAT] ╔══╦══╦══╦══╦══╦══╦══╦══╗\n║\n║     |||   [Сундук Смерти]   |||\n║     Уровень лута: Элитный\n║     Появился на Арене Смерти (/darena)\n║\n╚══╩══╩══╩══╩══╩══╩══╩══╝
[15:03:26] [main/INFO]: [CHAT] Ⓖ <шакад> [Игрок] FahrtunPvE  ⇨ на моём ах самое дещёвое яйцо призыва зомби крестьянина пкупайе и вармите
[15:03:30] [main/INFO]: [CHAT] Ⓖ <ХУЕСОСЫ> [Глава] adekvatn335  ⇨ vishy
[15:03:35] [main/INFO]: [CHAT] Ⓖ <EzKi> [Игрок] Q_Q  ⇨ Em4irald qq
[15:03:43] [main/INFO]: [CHAT] Ⓖ <Narek> ❮Герой❯ Fronzzes0_0 Кек ⇨  Em4irald alo
[15:03:49] [main/INFO]: [CHAT] Ⓖ <Толстопузы> [Аспид] centyra  ⇨ пубертатник это не оск + не было матов
[15:03:51] [main/INFO]: [CHAT] Ⓖ <Narek> ❮Герой❯ Fronzzes0_0 Кек ⇨  chat posmotry
[15:04:07] [main/INFO]: [CHAT] Ⓖ <Толстопузы> [Аспид] centyra  ⇨ фронзес подстилка милкиъ
[15:04:08] [main/INFO]: [CHAT] Ⓖ <PickMe> ⊰Князь⊱ MilkaTIS  ⇨  centyra мат было один "ху" и дальше догадаешься
[15:04:13] [main/INFO]: [CHAT] Ⓖ <NFS> [Игрок] crocksik  ⇨ скупаю уголь по 30к стак
[15:04:15] [main/INFO]: [CHAT] Ⓖ <near> ﴾Князь﴿ superkeks228 ЧСВ! ⇨  Fronzzes0_0 на что ты обижен
[15:04:24] [main/INFO]: [CHAT] ⦏Объявление⦐  тоже не пойму [Автор: Em4irald]
[15:04:32] [main/INFO]: [CHAT] Ⓖ <ХУЕСОСЫ> [Глава] adekvatn335  ⇨ чё вы собачитесь ау
[15:04:32] [main/INFO]: [CHAT] Ⓖ [Князь] GarrysWithKiss Раб ⇨  скиньте 500к на сферу не хватает плиз
[15:04:33] [main/INFO]: [CHAT] Ⓖ <EzKi> [Игрок] Q_Q  ⇨ о размутился уже
[15:04:34] [main/INFO]: [CHAT] Ⓖ <Толстопузы> [Аспид] centyra  ⇨ ох какие мы все тут нежные
[15:04:41] [main/INFO]: [CHAT] Ⓖ <ХУЕСОСЫ> [Глава] adekvatn335  ⇨ чё вы собачитесь ау
[15:04:44] [main/INFO]: [CHAT] Ⓖ <Толстопузы> [Аспид] centyra  ⇨ мама запрещает материться(((
[15:04:45] [main/INFO]: [CHAT] Ⓖ <Narek> ❮Герой❯ Fronzzes0_0 Кек ⇨  a kak razmytilsya
[15:04:54] [main/INFO]: [CHAT] Ⓖ <EzKi> [Игрок] Q_Q  ⇨ поддержки написал
[15:04:56] [main/INFO]: [CHAT] Ⓖ <ХУЕСОСЫ> [Глава] adekvatn335  ⇨ /unmute i nik
[15:05:10] [main/INFO]: [CHAT] Ⓖ <NFS> [Игрок] crocksik  ⇨ скупаю уголь по 30к стак
[15:05:12] [main/INFO]: [CHAT] Ⓖ <near> ﴾Князь﴿ superkeks228 ЧСВ! ⇨  жб напиши за блат
[15:05:12] [main/INFO]: [CHAT] Ⓖ <Narek> ❮Герой❯ Fronzzes0_0 Кек ⇨  /tempunmute nick
[15:05:22] [pool-11-thread-12/INFO]: [STDOUT]: World save took 0ms
[15:05:25] [main/INFO]: [CHAT] Ⓖ <near> ﴾Князь﴿ superkeks228 ЧСВ! ⇨  явно меня ктото разутил
[15:05:31] [main/INFO]: [CHAT] Ⓖ <Толстопузы> [Аспид] centyra  ⇨ в п***у б***ь я заливаю на форум на этих е*****в
[15:05:43] [main/INFO]: [CHAT] Ⓖ <Narek> ❮Герой❯ Fronzzes0_0 Кек ⇨  ya ne vijy soobshenie o razmyte
[15:05:45] [main/INFO]: [CHAT] Ⓖ <PickMe> ⊰Князь⊱ MilkaTIS  ⇨  centyra и что ты им скажешь?)
[15:05:50] [pool-11-thread-2/INFO]: [STDOUT]: World save took 0ms
[15:05:50] [main/INFO]: [CHAT] Вы отошли.
[15:05:54] [main/INFO]: [CHAT] Ⓖ <allah> [Глава] fifa81252  ⇨  братан сори что убил тп я верну ( я тик токер )
[15:05:56] [main/INFO]: [CHAT] Ⓖ <EzKi> [Игрок] Q_Q  ⇨ xD фантаймеры девочку увидели
[15:05:58] [main/INFO]: [CHAT] Ⓖ <Толстопузы> [Аспид] centyra  ⇨ не за что даете мту
[15:06:12] [pool-11-thread-5/INFO]: [STDOUT]: World save took 0ms
[15:06:16] [main/INFO]: [CHAT] Ⓖ <Князь> ⊰Князь⊱ 13usman37 Батя ⇨  fifa81252 синдром 100 подписчиков момент
[15:06:18] [main/INFO]: [CHAT] Ⓖ <шакад> [Игрок] FahrtunPvE  ⇨ на моём ах самое дещёвое яйцо призыва зомби крестьянина пкупайе и вармите
[15:06:26] [pool-11-thread-7/INFO]: [STDOUT]: World save took 0ms
[15:06:26] [main/INFO]: [CHAT] Ⓖ <PickMe> ⊰Князь⊱ MilkaTIS  ⇨  centyra был мат у кого-то там, у ohixebak
[15:06:34] [main/INFO]: [CHAT] Ⓖ <allah> [Глава] fifa81252  ⇨  13usman37 cиндром 10к подписчиков момент
[15:06:36] [main/INFO]: [CHAT] Ⓖ <PickMe> ⊰Князь⊱ MilkaTIS  ⇨ ну крч окей окей, заливай если хочешь
[15:06:43] [main/INFO]: [CHAT] ⦏Объявление⦐  за мат уже круто мутить? [Автор: Em4irald]
[15:06:52] [main/INFO]: [CHAT] Ⓖ <Narek> ❮Герой❯ Fronzzes0_0 Кек ⇨  Em4irald idi naxyi
[15:06:55] [main/INFO]: [CHAT] Ⓖ <Narek> ❮Герой❯ Fronzzes0_0 Кек ⇨  dyra
[15:06:58] [main/INFO]: [CHAT] Ⓖ <Толстопузы> [Аспид] centyra  ⇨ тебе так не нравятся маты ?
[15:06:59] [main/INFO]: [CHAT] Ⓛ [Игрок] N0li4ek  ⇨ h/
[15:07:02] [main/INFO]: [CHAT] Ⓖ <Князь> ⊰Князь⊱ 13usman37 Батя ⇨ я тоже тиктокер (я тиктокер)
[15:07:04] [main/INFO]: [CHAT] Ⓖ <EzKi> [Игрок] Q_Q  ⇨ девочку оскать нельзя же)
[15:07:05] [main/INFO]: [CHAT] 
[15:07:05] [main/INFO]: [CHAT] [❖] Реклама ⇨  Em4irald разве маты не запрещены правилами? (MilkaTIS)
[15:07:05] [main/INFO]: [CHAT] 
[15:07:10] [main/INFO]: [CHAT] Ⓖ [Князь] abfeaasdf  ⇨  21u soft
[15:07:17] [main/INFO]: [CHAT] Ⓖ <EzKi> [Игрок] Q_Q  ⇨ а кому не все равно на маты>
[15:07:18] [main/INFO]: [CHAT] Ⓖ <Князь> ⊰Князь⊱ 13usman37 Батя ⇨ all купите ах (я тиктокер)
[15:07:22] [main/INFO]: [CHAT] ⦏Объявление⦐  21u soft [Автор: abfeaasdf]
[15:07:22] [main/INFO]: [CHAT] ⦏Объявление⦐  21u soft [Автор: abfeaasdf]
[15:07:23] [main/INFO]: [CHAT] ⦏Объявление⦐  запрещены но типо это так обижатся надо? [Автор: Em4irald]
[15:07:23] [main/INFO]: [CHAT] ⦏Объявление⦐  21u soft [Автор: abfeaasdf]
[15:07:23] [main/INFO]: [CHAT] Ⓖ {Сквид} solidar3n Кек ⇨ all
[15:07:25] [main/INFO]: [CHAT] ╔
[15:07:25] [main/INFO]: [CHAT] ╠ Подписывайтесь на наш Телеграм - t.me/funtime
[15:07:25] [main/INFO]: [CHAT] ╚
[15:07:25] [main/INFO]: [CHAT] ⦏Объявление⦐  21u soft [Автор: abfeaasdf]
[15:07:28] [main/INFO]: [CHAT] ⦏Объявление⦐  21u soft [Автор: abfeaasdf]
[15:07:28] [main/INFO]: [CHAT] Ⓖ <EzKi> [Игрок] Q_Q  ⇨ в 2к26 на маты обижаться xd?
[15:07:29] [main/INFO]: [CHAT] Ⓖ {Сквид} solidar3n Кек ⇨ okak
[15:07:29] [main/INFO]: [CHAT] Ⓖ <allah> [Глава] fifa81252  ⇨  братан сори что убил тп я верну ( я тик токер )
[15:07:30] [main/INFO]: [CHAT] ⦏Объявление⦐  21u soft [Автор: abfeaasdf]
[15:07:30] [main/INFO]: [CHAT] ⦏Объявление⦐  21u soft [Автор: abfeaasdf]
[15:07:31] [main/INFO]: [CHAT] ⦏Объявление⦐  21u soft [Автор: abfeaasdf]
[15:07:36] [main/INFO]: [CHAT] Ⓖ <knizz> [Элита] xxxSyKsxxx Дэб ⇨ qq усманс
[15:07:36] [main/INFO]: [CHAT] ⦏Объявление⦐  21u soft [Автор: abfeaasdf]
[15:07:38] [main/INFO]: [CHAT] ⦏Объявление⦐  21u soft [Автор: abfeaasdf]
[15:07:38] [main/INFO]: [CHAT] ⦏Объявление⦐  21u soft [Автор: abfeaasdf]
[15:07:38] [main/INFO]: [CHAT] ⦏Объявление⦐  21u soft [Автор: abfeaasdf]
[15:07:39] [main/INFO]: [CHAT] ⦏Объявление⦐  21u soft [Автор: abfeaasdf]
[15:07:39] [main/INFO]: [CHAT] Вы вернулись.
[15:07:39] [main/INFO]: [CHAT] [❌] Вы не можете драться в этом месте!
[15:07:39] [main/INFO]: [CHAT] ⦏Объявление⦐  21u soft [Автор: abfeaasdf]
[15:07:39] [main/INFO]: [CHAT] ⦏Объявление⦐  21u soft [Автор: abfeaasdf]
[15:07:40] [main/INFO]: [CHAT] [❌] Вы не можете драться в этом месте!
[15:07:40] [main/INFO]: [CHAT] ⦏Объявление⦐  21u soft [Автор: abfeaasdf]
[15:07:40] [main/INFO]: [CHAT] ⦏Объявление⦐  21u soft [Автор: abfeaasdf]
[15:07:40] [main/INFO]: [CHAT] ⦏Объявление⦐  21u soft [Автор: abfeaasdf]
[15:07:40] [main/INFO]: [CHAT] ⦏Объявление⦐  21u soft [Автор: abfeaasdf]
[15:07:40] [main/INFO]: [CHAT] Ⓖ <lol2> ⊰Герцог⊱ volo999 Бог ⇨  fifa81252 улщадыу0ща0щыудащуыщ0да0щыдащ0ы0ущда0дщы0щдуа0дщыу0щд
[15:07:42] [main/INFO]: [CHAT] [♨] Kelutral замутил abfeaasdf за «spam» на 1 ч
[15:07:45] [main/INFO]: [CHAT] Ⓖ <af1k> [Игрок] MrTurtRom  ⇨ ebalo svoe zavali
[15:07:50] [main/INFO]: [CHAT] Ⓖ <lol2> ⊰Герцог⊱ volo999 Бог ⇨  Kelutral и н***я
[15:07:51] [main/INFO]: [CHAT] ⦏Объявление⦐  спам оск родни понимаю а просто мат как не серьезно [Автор: Em4irald]
[15:07:51] [main/INFO]: [CHAT] Ⓖ <Князь> ⊰Князь⊱ 13usman37 Батя ⇨  qq xxxSyKsxxx
[15:07:57] [main/INFO]: [CHAT] [❌] Вы не можете драться в этом месте!
[15:08:04] [main/INFO]: [CHAT] [❌] Вы не можете драться в этом месте!
[15:08:04] [main/INFO]: [CHAT] [❌] Вы не можете драться в этом месте!
[15:08:05] [main/INFO]: [CHAT] [❌] Вы не можете драться в этом месте!
[15:08:06] [main/INFO]: [CHAT] [❌] Вы не можете драться в этом месте!
[15:08:06] [main/INFO]: [CHAT] [❌] Вы не можете драться в этом месте!
[15:08:07] [main/INFO]: [CHAT] [❌] Вы не можете драться в этом месте!
[15:08:07] [main/INFO]: [CHAT] Ⓖ <Толстопузы> [Аспид] centyra  ⇨ п***а е*****я убери свои копыта от клавиатуры жирная свинья
[15:08:07] [main/INFO]: [CHAT] [❌] Вы не можете драться в этом месте!
[15:08:08] [main/INFO]: [CHAT] [❌] Вы не можете драться в этом месте!
[15:08:09] [main/INFO]: [CHAT] [❌] Вы не можете драться в этом месте!
[15:08:10] [main/INFO]: [CHAT] Ⓖ <EzKi> [Игрок] Q_Q  ⇨ sp1ashi1k qq
[15:08:12] [main/INFO]: [CHAT] Ⓖ <lol2> ⊰Герцог⊱ volo999 Бог ⇨  Kelutral и н***я
[15:08:12] [main/INFO]: [CHAT] Ⓖ <lol2> ⊰Герцог⊱ volo999 Бог ⇨  Kelutral и н***я
[15:08:13] [main/INFO]: [CHAT] 
[15:08:13] [main/INFO]: [CHAT] [❖] Реклама ⇨  Em4irald но нарушение правила то есть? есть. и что? (MilkaTIS)
[15:08:13] [main/INFO]: [CHAT] 
[15:08:14] [main/INFO]: [CHAT] [❌] Вы не можете драться в этом месте!
[15:08:15] [main/INFO]: [CHAT] [❌] Вы не можете драться в этом месте!
[15:08:16] [main/INFO]: [CHAT] [❌] Вы не можете драться в этом месте!
[15:08:18] [main/INFO]: [CHAT] [❌] Вы не можете драться в этом месте!
[15:08:18] [main/INFO]: [CHAT] [❌] Вы не можете драться в этом месте!
[15:08:19] [main/INFO]: [CHAT] [❌] Вы не можете драться в этом месте!
[15:08:19] [main/INFO]: [CHAT] [❌] Вы не можете драться в этом месте!
[15:08:22] [main/INFO]: Stopping!
